,code_id,period_id,timestamp,end_timestamp,code,Opponent,01. Phase,02. Situation Type,Half,03. Outcomes,04. Rating,Time Period,00. Start Phase,<flag>New Flag
0,1,1,0.0,0.5,KO,OB,,,,,,,,
1,2,1,0.0,16.995566666666665,D4 Defending the Box,OB,Established Play,Through Pass,1st Half,"Cross, Shot, Set-Piece or Box Entry",Neutral,0 - 15 min,,
2,3,1,1.4978450309931859,13.890489189978247,D3 Middle / Lower Pressing,OB,,D3 Goal Kick or Free Kick,1st Half,"Cross, Shot, Set-Piece or Box Entry",Unsuccessful,0 - 15 min,,
3,4,1,24.596829191982035,33.29412174098249,O1 Play from the Back,OB,,O1 Goal Kick or Free Kick,1st Half,Progress to O3-O4,Successful,0 - 15 min,O1 Play from the Back,
4,5,1,35.66970830197635,47.77898053599703,D2 Finding Balance,OB,,After Ball Loss,1st Half,"Cross, Shot, Set-Piece or Box Entry",Unsuccessful,0 - 15 min,,
5,6,1,53.37813194700766,86.98385644297612,D4 Defending the Box,OB,Lateral Free Kick,Central Area,1st Half,Intercepted by Defence,Successful,0 - 15 min,,
6,7,1,68.49770740101765,79.49770740101765,def free kick,OB,Lateral Free Kick,Central Area,1st Half,,,,,
7,8,1,85.68074792001754,106.23124444444444,D4 Defending the Box,OB,Transition,Square Pass,1st Half,Intercepted by Defence,Successful,0 - 15 min,,
8,9,1,91.59854139599135,93.3967483799872,O1 Play from the Back,OB,,,1st Half,,,0 - 15 min,O1 Play from the Back,
9,10,1,93.79664618700855,104.19018231601184,O1 Play from the Back,OB,,O1 After Regain,1st Half,Ball Loss --> D4 Defend The Box,Unsuccessful,0 - 15 min,O1 Play from the Back,
10,11,1,114.19641735800003,128.793342637,O1 Play from the Back,OB,,O1 After Regain,1st Half,Ball Loss --> D3 Press,Unsuccessful,0 - 15 min,O1 Play from the Back,
11,12,1,135.19106568698774,141.2863877450043,D3 Middle / Lower Pressing,OB,,After Ball Loss,1st Half,Stay In Phase,Neutral,0 - 15 min,,
12,13,1,142.48366549599734,149.1831701649937,D3 High Pressing,OB,,D3 From Low/Med to High,1st Half,Stay In Phase,Neutral,0 - 15 min,,
13,14,1,145.47821720799308,163.6921901579885,O4 Finishing,OB,Transition,1v1,1st Half,Open Chance,Successful,0 - 15 min,O4 Finishing,
14,15,1,145.99759498698492,168.99759498698492,Goal FCN,OB,,Transition,1st Half,,,,,
15,16,1,154.99700597399283,164.38708104400303,D3 High Pressing,OB,,D3 Press on Throw-In,1st Half,Direct to O3/O4 OFF Transit,Successful,0 - 15 min,,
16,17,1,213.49776073499257,226.88461038100047,D3 Middle / Lower Pressing,OB,,D3 Goal Kick or Free Kick,1st Half,"Intercept. -> Estab. (O1, O2, O3)",Successful,0 - 15 min,,
17,18,1,228.1957810570062,252.28175964597438,D1 Counterpress,OB,,Transition on Transition,1st Half,Direct to O3/O4 OFF Transit,Successful,0 - 15 min,,
18,19,1,231.98175551999435,259.08482992300185,O3 Break Through,OB,Transition,Transition After CP,1st Half,Keep The Ball,Neutral,0 - 15 min,O3 Break Through,
19,20,1,264.59780680901747,292.28749666198814,O2 Build Up,OB,,O2 Throw-In,1st Half,Progress to Next Phase,Successful,0 - 15 min,O2 Build Up,
20,21,1,273.49401632299015,299.3768,O3 Break Through,OB,Established Play,1v1 Wide / Halfspace,1st Half,"Cross, Shot, Set-Piece or Box Entry",Successful,0 - 15 min,O3 Break Through,
21,22,1,279.3768,302.6884923250129,O4 Finishing,OB,Established Play,Cutback,1st Half,"Cross, Shot, Set-Piece or Box Entry",Neutral,0 - 15 min,O4 Finishing,
22,23,1,279.9937543530058,304.64237777777777,O4 Finishing,OB,Transition,1v1,1st Half,"Cross, Shot, Set-Piece or Box Entry",Neutral,0 - 15 min,O4 Finishing,
23,24,1,292.69244912196905,318.29398005699346,O3 Break Through,OB,Transition,Transition After CP,1st Half,Keep The Ball,Neutral,0 - 15 min,O3 Break Through,
24,25,1,304.0971150070017,309.8912857989983,D1 Counterpress,OB,,After O3/O4,1st Half,"Intercept. -> Estab. (O1, O2, O3)",Successful,0 - 15 min,,
25,26,1,321.4825162099959,356.87988431197795,O2 Build Up,OB,,O2 After Regain,1st Half,Progress to Next Phase,Successful,0 - 15 min,O2 Build Up,
26,27,1,334.0980579239986,360.6259,O4 Finishing,OB,Established Play,Chipball,1st Half,Intercepted by Defence,Unsuccessful,0 - 15 min,O4 Finishing,
27,28,1,366.4915563220088,399.64166666666665,D3 High Pressing,OB,,D3 Press on Throw-In,1st Half,"Intercept. -> Estab. (O1, O2, O3)",Successful,0 - 15 min,,
28,29,1,399.64166666666665,401.6789046639843,O2 Build Up,OB,,O2 After Regain,1st Half,Stay In Phase,Neutral,0 - 15 min,O2 Build Up,
29,30,1,402.4849623459928,407.28005094097085,O1 Play from the Back,OB,,O2 to O1,1st Half,Progress to Next Phase,Successful,0 - 15 min,O1 Play from the Back,
30,31,1,408.38979378997044,423.88525638997015,O2 Build Up,OB,,O1 to O2,1st Half,Ball Loss --> D3 Press,Unsuccessful,0 - 15 min,O2 Build Up,
31,32,1,424.5477888888889,426.2890694029877,D1 Counterpress,OB,,After O2 build-up,1st Half,"Intercept. -> Estab. (O1, O2, O3)",Successful,0 - 15 min,,
32,33,1,434.68678284701457,468.47940873499306,D3 High Pressing,OB,,After Ball Loss,1st Half,"Intercept. -> Estab. (O1, O2, O3)",Successful,0 - 15 min,,
33,34,1,457.3789965229797,478.3900607529895,O3 Break Through,OB,Transition,Transition After CP,1st Half,"Cross, Shot, Set-Piece or Box Entry",Successful,0 - 15 min,O3 Break Through,
34,35,1,459.91595555555557,481.4843045619886,O4 Finishing,OB,Transition,Square Pass,1st Half,"Cross, Shot, Set-Piece or Box Entry",Neutral,0 - 15 min,O4 Finishing,
35,36,1,471.479095653983,475.87841349699346,D1 Counterpress,OB,,After O2 build-up,1st Half,Direct to O3/O4 OFF Transit,Successful,0 - 15 min,,
36,37,1,471.68341658799886,508.67913074099545,O3 Break Through,OB,Throw In,Short Throw-In,1st Half,Keep The Ball,Neutral,0 - 15 min,O3 Break Through,
37,38,1,509.6922820399896,532.5934598020132,O2 Build Up,OB,,O3 to O2,1st Half,Stay In Phase,Neutral,0 - 15 min,O2 Build Up,
38,39,1,532.782205588,564.8827896469884,O3 Break Through,OB,Established Play,Wide Link Up Play,1st Half,Ball Loss --> D3 Press,Unsuccessful,0 - 15 min,O3 Break Through,
39,40,1,535.3945438560011,551.7902607209778,O2 Build Up,OB,,O3 to O2,1st Half,Progress to Next Phase,Successful,0 - 15 min,O2 Build Up,
40,41,1,565.8822192549972,569.8821065419659,D1 Counterpress,OB,,After O3/O4,1st Half,"Intercept. -> Estab. (O1, O2, O3)",Successful,0 - 15 min,,
41,42,1,573.6913814339706,600.2921231020138,O2 Build Up,OB,,O2 Throw-In,1st Half,Ball Loss --> D3 Press,Unsuccessful,0 - 15 min,O2 Build Up,
42,43,1,600.6840020259935,607.691487753997,D1 Counterpress,OB,,After O2 build-up,1st Half,"Cross, Shot, Set-Piece or Box Entry",Unsuccessful,0 - 15 min,,
43,44,1,622.2879701019688,635.1797992469797,D3 Middle / Lower Pressing,OB,,D3 Goal Kick or Free Kick,1st Half,Stay In Phase,Neutral,0 - 15 min,,
44,45,1,635.8838029129785,681.3716271129921,D3 High Pressing,OB,,D3 From Low/Med to High,1st Half,Direct to O3/O4 OFF Transit,Successful,0 - 15 min,,True
45,46,1,659.0902813370096,684.3775686289853,O3 Break Through,OB,Transition,D3 High Press on Opp. Half,1st Half,Ball Loss --> D3 Press,Unsuccessful,0 - 15 min,O3 Break Through,
46,47,1,686.7862221359902,714.184487206983,D3 High Pressing,OB,,After Ball Loss,1st Half,Stay In Phase,Neutral,0 - 15 min,,
47,48,1,715.1816624819696,756.1143111111111,D3 Middle / Lower Pressing,OB,,D3 From High to Med/Low,1st Half,"Intercept. -> Estab. (O1, O2, O3)",Successful,0 - 15 min,,
48,49,1,763.1984066769916,783.580474408969,O2 Build Up,OB,,O2 Free Kick,1st Half,Ball Loss --> D3 Press,Unsuccessful,0 - 15 min,O2 Build Up,
49,50,1,785.4795381870141,802.2261444444445,D3 Middle / Lower Pressing,OB,,D3 Press on Throw-In,1st Half,"Cross, Shot, Set-Piece or Box Entry",Unsuccessful,0 - 15 min,,
50,51,1,820.3869779370015,844.2890902039895,D4 Defending the Box,OB,Lateral Free Kick,Central Area,1st Half,Chance,Unsuccessful,0 - 15 min,,
51,52,1,820.8940211210171,846.6730888888889,D4 Defending the Box,OB,Lateral Free Kick,Central Area,1st Half,"Cross, Shot, Set-Piece or Box Entry",Neutral,0 - 15 min,,
52,53,1,835.4989641679934,846.4989641679934,def free kick,OB,Lateral Free Kick,Central Area,1st Half,,,,,
53,54,1,853.5975931379899,863.3867783209869,O1 Play from the Back,OB,,O1 After Regain,1st Half,Ball Loss --> D3 Press,Unsuccessful,0 - 15 min,O1 Play from the Back,
54,55,1,863.5977745850029,926.2926249219865,D3 Middle / Lower Pressing,OB,,,1st Half,"Intercept. -> Estab. (O1, O2, O3)",Successful,0 - 15 min,,
55,56,1,928.1855103419772,938.9833328799803,D2 Finding Balance,OB,,Transition on Transition,1st Half,"Intercept. -> Estab. (O1, O2, O3)",Successful,,,
56,57,1,970.1909678440107,981.2828570759867,O1 Play from the Back,OB,,O1 Goal Kick or Free Kick,1st Half,Ball Loss --> D3 Press,Unsuccessful,16 - 30 min,O1 Play from the Back,
57,58,1,1013.0701588869838,1077.798611111111,D3 Middle / Lower Pressing,OB,,After Ball Loss,,"Intercept. -> Estab. (O1, O2, O3)",Successful,16 - 30 min,,
58,59,1,1091.4820677569976,1101.0838859099993,O1 Play from the Back,OB,,O1 Throw-In,,Stay In Phase,Neutral,16 - 30 min,O1 Play from the Back,
59,60,1,1113.2792347459995,1141.2353333333333,O3 Break Through,OB,Established Play,1v1 Wide / Halfspace,,"Cross, Shot, Set-Piece or Box Entry",Successful,16 - 30 min,O3 Break Through,
60,61,1,1113.8968955679993,1140.9652157919745,O1 Play from the Back,OB,,O1 Goal Kick or Free Kick,,Progress to O3-O4,Successful,16 - 30 min,O1 Play from the Back,True
61,62,1,1121.2353333333333,1142.6831001489993,O4 Finishing,OB,Established Play,Square Pass,,"Cross, Shot, Set-Piece or Box Entry",Neutral,16 - 30 min,O4 Finishing,
62,63,1,1145.8984485279996,1157.391354523999,D1 Counterpress,OB,,After O3/O4,,"Intercept. -> Estab. (O1, O2, O3)",Successful,16 - 30 min,,
63,64,1,1155.9974218359976,1203.0909666666666,O2 Build Up,OB,,O2 After Regain,,Progress to Next Phase,Successful,16 - 30 min,O2 Build Up,
64,65,1,1183.0909666666666,1210.8833222222222,O3 Break Through,OB,Established Play,Wide Link Up Play,,Ball Loss --> D3 Press,Unsuccessful,16 - 30 min,O3 Break Through,
65,66,1,1211.4961028969994,1221.1869260410006,D2 Finding Balance,OB,,After Ball Loss,,Establishing Pressing,Neutral,16 - 30 min,,
66,67,1,1248.278274934998,1272.0919900929962,D4 Defending the Box,OB,Lateral Free Kick,Back Area,,Intercepted by Defence,Successful,16 - 30 min,,
67,68,1,1262.5988804719996,1273.5988804719996,def free kick,OB,,,,,,,,
68,69,1,1274.2989996570004,1292.390101852001,O1 Play from the Back,OB,,O1 After Regain,,Ball Loss --> D3 Press,Unsuccessful,16 - 30 min,O1 Play from the Back,
69,70,1,1300.793928795999,1324.0700326690003,D3 High Pressing,OB,,D3 Press on Throw-In,,Stay In Phase,Neutral,16 - 30 min,,
70,71,1,1329.9989629490033,1354.2998936219865,D4 Defending the Box,OB,Established Play,Chipball,,Chance,Unsuccessful,16 - 30 min,,
71,72,1,1338.199523636002,1353.6980569270063,D3 Middle / Lower Pressing,OB,,D3 Press on Throw-In,,"Cross, Shot, Set-Piece or Box Entry",Unsuccessful,16 - 30 min,,
72,73,1,1358.699144084995,1381.7989515780016,O1 Play from the Back,OB,,O1 After Regain,,Ball Loss --> D3 Press,Unsuccessful,16 - 30 min,O1 Play from the Back,
73,74,1,1385.4986274279938,1398.827988888889,D3 Middle / Lower Pressing,OB,,After Ball Loss,,Stay In Phase,Neutral,16 - 30 min,,
74,75,1,1398.827988888889,1418.2965798409875,D3 Middle / Lower Pressing,OB,,After Ball Loss,,Stay In Phase,Neutral,16 - 30 min,,
75,76,1,1408.4797777777778,1428.4797777777778,D4 Defending the Box,OB,Established Play,Chipball,,"Cross, Shot, Set-Piece or Box Entry",Neutral,16 - 30 min,,
76,77,1,1419.5988490609939,1427.9988855070005,D3 Middle / Lower Pressing,OB,,After Ball Loss,,"Cross, Shot, Set-Piece or Box Entry",Unsuccessful,16 - 30 min,,
77,78,1,1434.099508678995,1442.9997194209993,D3 Middle / Lower Pressing,OB,,D3 Press on Throw-In,,Stay In Phase,Neutral,16 - 30 min,,
78,79,1,1434.5987030739896,1459.1992479449996,D4 Defending the Box,OB,Established Play,Chipball,,"Cross, Shot, Set-Piece or Box Entry",Neutral,16 - 30 min,,
79,80,1,1444.1981901019994,1457.245897744,D3 Middle / Lower Pressing,OB,,D3 Press on Throw-In,,"Cross, Shot, Set-Piece or Box Entry",Unsuccessful,16 - 30 min,,
80,81,1,1453.3981739069952,1476.4980120329951,D4 Defending the Box,OB,Established Play,Chipball,,Intercepted by Defence,Successful,16 - 30 min,,
81,82,1,1461.2991408109895,1472.5980406149968,D3 Middle / Lower Pressing,OB,,After Ball Loss,,"Cross, Shot, Set-Piece or Box Entry",Unsuccessful,16 - 30 min,,
82,83,1,1467.9987784089953,1490.9988580449935,D4 Defending the Box,OB,Transition,Pass Infront of Backline,,Chance,Unsuccessful,16 - 30 min,,
83,84,1,1477.898918680989,1486.5989770659962,O1 Play from the Back,OB,,O1 Goal Kick or Free Kick,,Ball Loss --> D4 Defend The Box,Unsuccessful,16 - 30 min,O1 Play from the Back,
84,85,1,1483.9990992469939,1510.4987128370065,O3 Break Through,OB,Established Play,1v1 Wide / Halfspace,,Keep The Ball,Neutral,16 - 30 min,O3 Break Through,
85,86,1,1490.799468048008,1520.2991633909876,O3 Break Through,OB,Throw In,Quick Restart,,"Cross, Shot, Set-Piece or Box Entry",Successful,16 - 30 min,O3 Break Through,
86,87,1,1492.4984281089971,1499.7989765199961,O1 Play from the Back,OB,,O1 Goal Kick or Free Kick,,Progress to Next Phase,Successful,16 - 30 min,O1 Play from the Back,
87,88,1,1500.397882987997,1502.9988538749858,O2 Build Up,OB,,O1 to O2,,Progress to Next Phase,Successful,16 - 30 min,O2 Build Up,
88,89,1,1500.898771636005,1521.5980314030055,O4 Finishing,OB,Established Play,1v1,,Chance,Successful,16 - 30 min,O4 Finishing,True
89,90,1,1531.1976279839973,1549.9987697049892,D3 High Pressing,OB,,D3 Goal Kick or Free Kick,,Stay In Phase,Neutral,16 - 30 min,,
90,91,1,1551.1992434339925,1557.298611103995,D2 Finding Balance,OB,,D3 High Press on Opp. Half,,"Cross, Shot, Set-Piece or Box Entry",Unsuccessful,16 - 30 min,,
91,92,1,1572.1997706450045,1600.0986579760045,D4 Defending the Box,OB,Lateral Free Kick,Central Area,,"Cross, Shot, Set-Piece or Box Entry",Neutral,16 - 30 min,,
92,93,1,1586.898185037993,1597.898185037993,def free kick,OB,Lateral Free Kick,Central Area,,,,,,
93,94,1,1603.6995352670046,1659.1981312279959,D3 Middle / Lower Pressing,OB,,D3 Press on Throw-In,,"Intercept. -> Estab. (O1, O2, O3)",Successful,16 - 30 min,,
94,95,1,1637.1984305510061,1663.6985862369982,O3 Break Through,OB,Transition,D3 Win Ball Low/Middle,,Ball Loss --> D3 Press,Unsuccessful,16 - 30 min,O3 Break Through,
95,96,1,1654.2977326699877,1677.597803586997,D4 Defending the Box,OB,Established Play,Through Pass,,Intercepted by Defence,Successful,16 - 30 min,,
96,97,1,1656.2991451999922,1685.699757583997,O3 Break Through,OB,Transition,After D4 Def. Box,,Keep The Ball,Neutral,16 - 30 min,O3 Break Through,
97,98,1,1665.6968462639911,1673.498907670991,D3 Middle / Lower Pressing,OB,,After Ball Loss,,"Cross, Shot, Set-Piece or Box Entry",Unsuccessful,16 - 30 min,,
98,99,1,1687.2983901139994,1707.0985340990014,O2 Build Up,OB,,O2 Free Kick,,Stay In Phase,Neutral,16 - 30 min,O2 Build Up,
99,100,1,1707.798593046993,1730.3984222040006,O1 Play from the Back,OB,,O2 to O1,,Progress to O3-O4,Successful,16 - 30 min,O1 Play from the Back,
100,101,1,1712.5980795219893,1739.3991618929954,O3 Break Through,OB,Established Play,Early Through Pass or Cross,,Lead to O4 chance,Successful,16 - 30 min,O3 Break Through,
101,102,1,1714.7586666666666,1744.7586666666666,Bench,OB,,,,,,,,True
102,103,1,1720.6431666666667,1740.6431666666667,O4 Finishing,OB,Established Play,Square Pass,,Open Chance,Successful,16 - 30 min,O4 Finishing,
103,104,1,1750.9996234979938,1768.3987947449948,D3 High Pressing,OB,,D3 Goal Kick or Free Kick,,Stay In Phase,Neutral,16 - 30 min,,
104,105,1,1769.2990183000045,1786.3989751320034,D3 Middle / Lower Pressing,OB,,D3 From High to Med/Low,,"Intercept. -> Estab. (O1, O2, O3)",Successful,16 - 30 min,,
105,106,1,1794.8233777777778,1820.7986065349814,O1 Play from the Back,OB,,O2 to O1,,Progress to Next Phase,Successful,16 - 30 min,O1 Play from the Back,
106,107,1,1812.4179249730603,1852.7987557589959,O2 Build Up,OB,,O2 After Regain,,Ball Loss --> D3 Press,Unsuccessful,31 - 45 min,O2 Build Up,
107,108,1,1842.8888444444444,1865.6962859799835,D1 Counterpress,OB,,After O2 build-up,,Establishing Pressing,Neutral,31 - 45 min,,
108,109,1,1854.1989399810013,1881.598878561993,D3 Middle / Lower Pressing,OB,,After Ball Loss,,Direct to O3/O4 OFF Transit,Successful,31 - 45 min,,
109,110,1,1862.9982822769866,1887.9983238229954,O3 Break Through,OB,Transition,D3 Win Ball Low/Middle,,"Cross, Shot, Set-Piece or Box Entry",Successful,31 - 45 min,O3 Break Through,
110,111,1,1863.7979562739959,1889.098815565006,O4 Finishing,OB,Transition,Through Pass,,Intercepted by Defence,Unsuccessful,31 - 45 min,O4 Finishing,
111,112,1,1889.698977897988,1935.8343,D3 Middle / Lower Pressing,OB,,D3 Goal Kick or Free Kick,,"Cross, Shot, Set-Piece or Box Entry",Unsuccessful,31 - 45 min,,
112,113,1,1915.8343,1939.099273866999,D4 Defending the Box,OB,Established Play,Through Pass,,"Cross, Shot, Set-Piece or Box Entry",Neutral,31 - 45 min,,
113,114,1,1929.9995154679923,1958.6985609189935,D4 Defending the Box,OB,Established Play,Cutback,,Chance,Unsuccessful,31 - 45 min,,
114,115,1,1942.5981807269989,1959.8992903420055,D3 Middle / Lower Pressing,OB,,D3 Press on Throw-In,,D4 Chance,Unsuccessful,31 - 45 min,,
115,116,1,1960.498403597993,1976.6997639959827,O1 Play from the Back,OB,,O1 After Regain,,Ball Loss --> D3 Press,Unsuccessful,31 - 45 min,O1 Play from the Back,
116,117,1,1978.1980890419875,1982.6995673990007,D1 Counterpress,OB,,After O1 build-up,,"Intercept. -> Estab. (O1, O2, O3)",Successful,31 - 45 min,,
117,118,1,1986.4983291639846,2017.098738488998,O2 Build Up,OB,,O2 Free Kick,,Ball Loss --> D3 Press,Unsuccessful,31 - 45 min,O2 Build Up,
118,119,1,2020.098767010995,2033.3979747269987,D3 High Pressing,OB,,After Ball Loss,,Stay In Phase,Neutral,31 - 45 min,,
119,120,1,2026.4987609589996,2051.6995178679913,D4 Defending the Box,OB,Established Play,Pass Infront of Backline,,"Cross, Shot, Set-Piece or Box Entry",Neutral,31 - 45 min,,
120,121,1,2034.1993400719946,2045.3989277279877,D3 Middle / Lower Pressing,OB,,D3 From High to Med/Low,,"Cross, Shot, Set-Piece or Box Entry",Unsuccessful,31 - 45 min,,
121,122,1,2053.79853782,2093.199324466001,O1 Play from the Back,OB,,O1 Goal Kick or Free Kick,,Progress to O3-O4,Successful,31 - 45 min,O1 Play from the Back,
122,123,1,2071.6998286639882,2097.2998120909933,O3 Break Through,OB,Established Play,Central Play Infront of Backline,,"Cross, Shot, Set-Piece or Box Entry",Successful,31 - 45 min,O3 Break Through,
123,124,1,2078.198920558986,2101.3989228239893,O4 Finishing,OB,Established Play,1v1,,Chance,Successful,31 - 45 min,O4 Finishing,
124,125,1,2102.2988258459873,2142.2986587569962,O4 Finishing,OB,Corner Kick,Front Area,,Open Chance,Successful,31 - 45 min,O4 Finishing,True
125,126,1,2128.598705588998,2139.598705588998,off corner,OB,,Front Area,,,,,,
126,127,1,2148.1951140099904,2170.7989879059855,D3 High Pressing,OB,,D3 Goal Kick or Free Kick,,Stay In Phase,Neutral,31 - 45 min,,
127,128,1,2171.8981407519877,2232.299625400998,D3 Middle / Lower Pressing,OB,,D3 From High to Med/Low,,"Cross, Shot, Set-Piece or Box Entry",Unsuccessful,31 - 45 min,,
128,129,1,2213.414711111111,2237.6984739719937,D4 Defending the Box,OB,Established Play,Through Pass,,Chance,Neutral,31 - 45 min,,
129,130,1,2255.3991668829917,2267.1997920679883,O1 Play from the Back,OB,,O1 Throw-In,,Ball Loss --> D3 Press,Unsuccessful,31 - 45 min,O1 Play from the Back,
130,131,1,2269.2990302519943,2296.9974789659937,D3 Middle / Lower Pressing,OB,,After Ball Loss,,Stay In Phase,Neutral,31 - 45 min,,
131,132,1,2340.3000056449955,2374.0989772140065,D4 Defending the Box,OB,Lateral Free Kick,Back Area,,OFF Transition,Successful,31 - 45 min,,
132,133,1,2347.898328155992,2384.699068688989,O3 Break Through,OB,Transition,After D4 Def. Box,,Keep The Ball,Neutral,31 - 45 min,O3 Break Through,
133,134,1,2359.297943669991,2370.297943669991,def free kick,OB,,Back Area,,,,,,
134,135,1,2365.6986944770015,2393.8993711479857,O3 Break Through,OB,Established Play,Early Through Pass or Cross,,Ball Loss --> D3 Press,Unsuccessful,31 - 45 min,O3 Break Through,
135,136,1,2396.1986061729876,2424.39883493699,O3 Break Through,OB,Transition,D3 High Press on Opp. Half,,"Cross, Shot, Set-Piece or Box Entry",Successful,31 - 45 min,O3 Break Through,
136,137,1,2398.3984228019967,2425.5654829262767,D3 High Pressing,OB,,After Ball Loss,,Direct to O3/O4 OFF Transit,Successful,31 - 45 min,,True
137,138,1,2405.1971350749836,2428.598619405999,O4 Finishing,OB,Transition,1v1,,"Cross, Shot, Set-Piece or Box Entry",Neutral,31 - 45 min,O4 Finishing,
138,139,1,2424.698586196996,2443.7980138869866,D2 Finding Balance,OB,,Transition on Transition,,"Intercept. -> Estab. (O1, O2, O3)",Successful,31 - 45 min,,
139,140,1,2445.3966424240025,2450.398591898993,O1 Play from the Back,OB,,O1 After Regain,,Ball Loss --> D3 Press,Unsuccessful,31 - 45 min,O1 Play from the Back,
140,141,1,2450.798492048999,2478.399503483007,D3 Middle / Lower Pressing,OB,,After Ball Loss,,Direct to O3/O4 OFF Transit,Successful,31 - 45 min,,
141,142,1,2459.0997457809917,2490.7994078790043,O3 Break Through,OB,Transition,D3 Win Ball Low/Middle,,Ball Loss --> D3 Press,Unsuccessful,31 - 45 min,O3 Break Through,
142,143,1,2482.2971849500004,2506.6997057239846,D4 Defending the Box,OB,Established Play,Square Pass,,Intercepted by Defence,Successful,31 - 45 min,,
143,144,1,2493.196981499994,2501.3984978119925,D3 Middle / Lower Pressing,OB,,After Ball Loss,,"Cross, Shot, Set-Piece or Box Entry",Unsuccessful,31 - 45 min,,
144,145,1,2508.1989713170015,2531.298593154995,O1 Play from the Back,OB,,O1 After Regain,,Ball Loss --> D3 Press,Unsuccessful,31 - 45 min,O1 Play from the Back,
145,146,1,2538.8987862249983,2583.997812040995,D3 Middle / Lower Pressing,OB,,D3 Press on Throw-In,,"Cross, Shot, Set-Piece or Box Entry",Unsuccessful,31 - 45 min,,
146,147,1,2564.8977117009977,2588.5985311009917,D4 Defending the Box,OB,Established Play,Pass Infront of Backline,,"Cross, Shot, Set-Piece or Box Entry",Neutral,31 - 45 min,,
147,148,1,2588.69867360699,2625.2990062919894,D4 Defending the Box,OB,Corner Kick,Front Area,,"Cross, Shot, Set-Piece or Box Entry",Neutral,31 - 45 min,,
148,149,1,2607.5993901649995,2634.797482397002,D4 Defending the Box,OB,Established Play,Chipball,,Intercepted by Defence,Successful,31 - 45 min,,
149,150,1,2609.597761303994,2620.597761303994,def corner,OB,,,,,,,,
150,151,1,2636.799461850999,2643.099479074988,O1 Play from the Back,OB,,O1 After Regain,,Progress to Next Phase,Successful,31 - 45 min,O1 Play from the Back,
151,152,1,2643.6969285019904,2653.4982585890007,O2 Build Up,OB,,O1 to O2,,Stay In Phase,Neutral,31 - 45 min,O2 Build Up,
152,153,1,2735.0986566079955,2748.598572662996,O1 Play from the Back,OB,,O1 Goal Kick or Free Kick,,Ball Loss --> D3 Press,Unsuccessful,45+ min,O1 Play from the Back,
153,154,1,2749.6987782589963,2771.1992599069986,D3 Middle / Lower Pressing,OB,,After Ball Loss,,Stay In Phase,Neutral,45+ min,,
154,155,1,2792.1891571827664,2811.7998974209977,O2 Build Up,OB,,O2 Free Kick,,Ball Loss --> D4 Defend The Box,Unsuccessful,46 - 60 min,O2 Build Up,True
155,156,1,2798.999042976997,2808.698940976993,D1 Counterpress,OB,,After O2 build-up,,"Cross, Shot, Set-Piece or Box Entry",Unsuccessful,46 - 60 min,,
156,157,1,2812.7976618309967,2848.6995762339957,D4 Defending the Box,OB,Lateral Free Kick,Central Area,,"Cross, Shot, Set-Piece or Box Entry",Neutral,46 - 60 min,,
157,158,1,2830.9978496939907,2841.9978496939907,def free kick,OB,,Central Area,,,,,,
158,159,1,2831.2986911630037,2857.799828047982,D4 Defending the Box,OB,Established Play,Chipball,,"Cross, Shot, Set-Piece or Box Entry",Neutral,46 - 60 min,,
159,160,1,2839.59648936599,2897.498237595993,D4 Defending the Box,OB,Corner Kick,Front Area,,"Cross, Shot, Set-Piece or Box Entry",Neutral,46 - 60 min,,
160,161,1,2850.399007752995,2857.5984026689916,D3 Middle / Lower Pressing,OB,,After Ball Loss,,"Cross, Shot, Set-Piece or Box Entry",Unsuccessful,46 - 60 min,,
161,162,1,2884.397627717994,2895.397627717994,def corner,OB,,Front Area,,,,,,
162,163,1,2895.0973564810047,2922.499462426984,O3 Break Through,OB,Transition,D3 Win Ball Low/Middle,,Ball Loss --> D3 Press,Unsuccessful,46 - 60 min,O3 Break Through,
163,164,1,2898.6991569859943,2913.9983965419838,D3 Middle / Lower Pressing,OB,,After Ball Loss,,Direct to O3/O4 OFF Transit,Successful,46 - 60 min,,
164,165,1,2915.485995955998,2948.49823124599,O3 Break Through,OB,Transition,D3 Win Ball Low/Middle,,Keep The Ball,Neutral,46 - 60 min,O3 Break Through,
165,166,1,2923.898752395002,2924.4984881219993,D1 Counterpress,OB,,,,,,46 - 60 min,,
166,167,1,2924.4984881219993,2935.19881973398,D2 Finding Balance,OB,,Transition on Transition,,Direct to O3/O4 OFF Transit,Successful,46 - 60 min,,
167,168,1,2929.1986127069854,2953.497934978988,O3 Break Through,OB,Established Play,,,,,46 - 60 min,O3 Break Through,
168,169,1,2953.898990254988,2968.8976297539907,O2 Build Up,OB,,O3 to O2,,Ball Loss --> D3 Press,Unsuccessful,46 - 60 min,O2 Build Up,
169,170,1,2967.7974857829936,2969.9992515389895,D1 Counterpress,OB,,After O2 build-up,,"Intercept. -> Estab. (O1, O2, O3)",Successful,46 - 60 min,,
170,171,1,2970.6989378539974,3002.6995353649877,O3 Break Through,OB,Transition,Transition After CP,,"Cross, Shot, Set-Piece or Box Entry",Successful,46 - 60 min,O3 Break Through,
171,172,1,2970.9991447589937,2977.7994757979923,O2 Build Up,OB,,O2 After Regain,,Ball Loss --> D3 Press,Unsuccessful,46 - 60 min,O2 Build Up,
172,173,1,2978.8000055889956,2988.7996660379927,D1 Counterpress,OB,,After O2 build-up,,Direct to O3/O4 OFF Transit,Successful,46 - 60 min,,
173,174,1,2983.3987821669907,3007.798775309995,O4 Finishing,OB,Transition,Chipball,,Intercepted by Defence,Unsuccessful,46 - 60 min,O4 Finishing,
174,175,1,2993.298791385987,3021.4987297329853,O3 Break Through,OB,Transition,Transition After CP,,"Cross, Shot, Set-Piece or Box Entry",Successful,46 - 60 min,O3 Break Through,
175,176,1,3002.1989580449836,3025.7992206389877,O4 Finishing,OB,Transition,1v1,,"Cross, Shot, Set-Piece or Box Entry",Neutral,46 - 60 min,O4 Finishing,
176,177,1,3006.4990216889955,3011.9981021399935,D1 Counterpress,OB,,After O3/O4,,Direct to O3/O4 OFF Transit,Successful,46 - 60 min,,
177,178,1,3029.598103546992,3042.098340768998,D3 High Pressing,OB,,After Ball Loss,,"Intercept. -> Estab. (O1, O2, O3)",Successful,46 - 60 min,,
178,179,1,3044.8979838449854,3054.4978785369944,O1 Play from the Back,OB,,O1 After Regain,,Progress to Next Phase,Successful,46 - 60 min,O1 Play from the Back,
179,180,1,3055.2989344969983,3078.099434641984,O2 Build Up,OB,,O1 to O2,,Ball Loss --> D3 Press,Unsuccessful,46 - 60 min,O2 Build Up,
180,181,1,3083.6997409540018,3107.297569987986,D3 High Pressing,OB,,D3 Press on Throw-In,,"Intercept. -> Estab. (O1, O2, O3)",Successful,46 - 60 min,,
181,182,1,3246.698653138002,3272.89897329699,O2 Build Up,OB,,O2 Free Kick,,Progress to Next Phase,Successful,46 - 60 min,O2 Build Up,
182,183,1,3253.798607883995,3281.2986562669907,O3 Break Through,OB,Established Play,,,Keep The Ball,Neutral,46 - 60 min,O3 Break Through,
183,184,1,3281.798585818,3293.0989701599924,O2 Build Up,OB,,O3 to O2,,Stay In Phase,Neutral,46 - 60 min,O2 Build Up,
184,185,1,3293.7985819859864,3302.499231746995,O1 Play from the Back,OB,,O2 to O1,,Ball Loss --> D3 Press,Unsuccessful,46 - 60 min,O1 Play from the Back,
185,186,1,3316.1996829419927,3329.298943332989,D3 High Pressing,OB,,D3 Goal Kick or Free Kick,,"Intercept. -> Estab. (O1, O2, O3)",Successful,46 - 60 min,,
186,187,1,3324.4984824700014,3343.098874833993,D4 Defending the Box,OB,Transition,Chipball,,"Cross, Shot, Set-Piece or Box Entry",Neutral,46 - 60 min,,
187,188,1,3330.0990842719884,3334.497662030987,O1 Play from the Back,OB,,O1 After Regain,,Ball Loss --> D3 Press,Unsuccessful,46 - 60 min,O1 Play from the Back,
188,189,1,3335.499511045994,3343.4984944239836,D3 Middle / Lower Pressing,OB,,After Ball Loss,,"Cross, Shot, Set-Piece or Box Entry",Unsuccessful,46 - 60 min,,
189,190,1,3351.197001184004,3368.199010092999,D3 Middle / Lower Pressing,OB,,After Ball Loss,,"Intercept. -> Estab. (O1, O2, O3)",Successful,46 - 60 min,,
190,191,1,3370.1988773279845,3374.798672346001,O1 Play from the Back,OB,,O1 After Regain,,Ball Loss --> D3 Press,Unsuccessful,46 - 60 min,O1 Play from the Back,
191,192,1,3375.997433700001,3393.5999599839934,D3 Middle / Lower Pressing,OB,,D3 Press on Throw-In,,Stay In Phase,Neutral,46 - 60 min,,
192,193,1,3394.1982780360036,3400.1984738090055,D3 Middle / Lower Pressing,OB,,D3 Press on Throw-In,,Stay In Phase,Neutral,46 - 60 min,,
193,194,1,3400.7988770119937,3418.2989300169957,D3 Middle / Lower Pressing,OB,,D3 Press on Throw-In,,"Intercept. -> Estab. (O1, O2, O3)",Successful,46 - 60 min,,
194,195,1,3412.197980611002,3437.09960126299,O3 Break Through,OB,Established Play,Central Play Infront of Backline,,"Cross, Shot, Set-Piece or Box Entry",Successful,46 - 60 min,O3 Break Through,
195,196,1,3418.098847864996,3443.598147483995,O4 Finishing,OB,Established Play,Through Pass,,"Cross, Shot, Set-Piece or Box Entry",Neutral,46 - 60 min,O4 Finishing,
196,197,1,3420.586955410988,3431.3990452840007,O2 Build Up,OB,,O2 Free Kick,,Progress to Next Phase,Successful,46 - 60 min,O2 Build Up,
197,198,1,3456.499898613987,3488.898558764999,O4 Finishing,OB,Corner Kick,Back Area,,Chance,Successful,46 - 60 min,O4 Finishing,
198,199,1,3472.3972747179937,3518.1574510171195,off corner,OB,Corner Kick,Back Area,,,,,O4 Finishing,True
199,200,1,3489.045166666667,3519.045166666667,Bench,OB,,,,,,,,True
200,201,1,3581.0964822379956,3612.9994736029957,D3 Middle / Lower Pressing,OB,,D3 Goal Kick or Free Kick,,Stay In Phase,Neutral,46 - 60 min,,
201,202,1,3613.799776326001,3625.1974646389867,D3 High Pressing,OB,,D3 From Low/Med to High,,Stay In Phase,Neutral,46 - 60 min,,
202,203,1,3669.9990741999904,3684.1983298799946,D3 Middle / Lower Pressing,OB,,D3 Goal Kick or Free Kick,,Stay In Phase,Neutral,46 - 60 min,,
203,204,1,3675.999506580986,3700.497840436996,D4 Defending the Box,OB,Established Play,1v1,,Intercepted by Defence,Successful,46 - 60 min,,
204,205,1,3689.1979338050005,3695.299731448007,D3 Middle / Lower Pressing,OB,,D3 Press on Throw-In,,"Cross, Shot, Set-Piece or Box Entry",Unsuccessful,46 - 60 min,,
205,206,1,3701.7989250209953,3713.2996462240058,D3 Middle / Lower Pressing,OB,,After Ball Loss,,"Intercept. -> Estab. (O1, O2, O3)",Successful,61 - 75 min,,
206,207,1,3716.397878058003,3722.0990281970026,O2 Build Up,OB,,O2 After Regain,,Stay In Phase,Neutral,61 - 75 min,O2 Build Up,
207,208,1,3725.798054629996,3751.6983550509985,O3 Break Through,OB,Transition,,,"Cross, Shot, Set-Piece or Box Entry",Successful,61 - 75 min,O3 Break Through,
208,209,1,3730.799032661982,3736.7981550739933,O2 Build Up,OB,,O2 Throw-In,,Ball Loss --> D3 Press,Unsuccessful,61 - 75 min,O2 Build Up,
209,210,1,3732.298337339994,3751.898673507981,O4 Finishing,OB,Transition,Pass Infront of Backline,,"Cross, Shot, Set-Piece or Box Entry",Neutral,61 - 75 min,O4 Finishing,
210,211,1,3740.198942153994,3744.998361729982,D3 High Pressing,OB,,D3 Press on Throw-In,,Direct to O3/O4 OFF Transit,Successful,61 - 75 min,,
211,212,1,3769.1978956749917,3803.3990032759934,O4 Finishing,OB,Corner Kick,Front Area,,"Cross, Shot, Set-Piece or Box Entry",Neutral,61 - 75 min,O4 Finishing,
212,213,1,3785.7986922419914,3820.4977067000023,O3 Break Through,OB,Established Play,Wide Link Up Play,,"Cross, Shot, Set-Piece or Box Entry",Successful,61 - 75 min,O3 Break Through,
213,214,1,3793.0186482484887,3824.2382951586183,off corner,OB,,Front Area,,,,,,
214,215,1,3794.798654554983,3818.3986418449877,O4 Finishing,OB,Established Play,Square Pass,,"Cross, Shot, Set-Piece or Box Entry",Neutral,61 - 75 min,O4 Finishing,
215,216,1,3820.5986511519936,3839.8990530879933,D1 Counterpress,OB,,After O3/O4,,Establishing Pressing,Neutral,61 - 75 min,,
216,217,1,3842.3996455869965,3870.6984276529934,D3 Middle / Lower Pressing,OB,,D3 Press on Throw-In,,"Intercept. -> Estab. (O1, O2, O3)",Successful,61 - 75 min,,
217,218,1,3903.59985651699,3915.4977081549982,O2 Build Up,OB,,O2 Throw-In,,Ball Loss --> D3 Press,Unsuccessful,61 - 75 min,O2 Build Up,
218,219,1,3917.0985864049994,3919.5984267349972,D1 Counterpress,OB,,After O2 build-up,,Establishing Pressing,Neutral,61 - 75 min,,
219,220,1,3922.198901054994,3941.9984845659988,D3 Middle / Lower Pressing,OB,,D3 Press on Throw-In,,"Intercept. -> Estab. (O1, O2, O3)",Successful,61 - 75 min,,
220,221,1,3942.9993514309954,3974.8977189839893,O1 Play from the Back,OB,,O1 Throw-In,,Ball Loss --> D4 Defend The Box,Unsuccessful,61 - 75 min,O1 Play from the Back,
221,222,1,3956.899529138989,3980.4979948979944,D4 Defending the Box,OB,Established Play,Chipball,,"Cross, Shot, Set-Piece or Box Entry",Neutral,61 - 75 min,,
222,223,1,3983.7961453819844,4017.899092645997,D3 Middle / Lower Pressing,OB,,D3 Press on Throw-In,,Intercepted by Defence,Neutral,61 - 75 min,,
223,224,1,4021.1993252039847,4026.8990948979945,O2 Build Up,OB,,O2 Throw-In,,Stay In Phase,Neutral,61 - 75 min,O2 Build Up,
224,225,1,4027.5989101229875,4033.697691479994,O1 Play from the Back,OB,,O2 to O1,,Progress to Next Phase,Successful,61 - 75 min,O1 Play from the Back,
225,226,1,4034.599157172992,4040.5989823589966,O2 Build Up,OB,,O1 to O2,,Ball Loss --> D3 Press,Successful,61 - 75 min,O2 Build Up,
226,227,1,4048.999305426996,4080.3988675819965,O3 Break Through,OB,Throw In,Quick Restart,,"Cross, Shot, Set-Piece or Box Entry",Successful,61 - 75 min,O3 Break Through,
227,228,1,4051.388355101992,4068.898543023984,D3 High Pressing,OB,,D3 Goal Kick or Free Kick,,"Intercept. -> Estab. (O1, O2, O3)",Successful,61 - 75 min,,
228,229,1,4062.1991934339944,4088.398506371992,O4 Finishing,OB,Established Play,1v1,,"Cross, Shot, Set-Piece or Box Entry",Neutral,61 - 75 min,O4 Finishing,
229,230,1,4089.798863778992,4098.996700553984,O2 Build Up,OB,,O2 Free Kick,,Stay In Phase,Neutral,61 - 75 min,O2 Build Up,
230,231,1,4113.996805782992,4140.796803310989,O3 Break Through,OB,Established Play,1v1 Wide / Halfspace,,Ball Loss --> D3 Press,Unsuccessful,61 - 75 min,O3 Break Through,
231,232,1,4117.498922674994,4133.296355940989,O2 Build Up,OB,,O2 Throw-In,,Progress to Next Phase,Successful,61 - 75 min,O2 Build Up,
232,233,1,4143.787690613002,4177.899323138983,D3 High Pressing,OB,,D3 Goal Kick or Free Kick,,Direct to O3/O4 OFF Transit,Successful,61 - 75 min,,
233,234,1,4158.598827174,4191.999006151988,O3 Break Through,OB,Transition,D3 High Press on Opp. Half,,Lead to O4 chance,Successful,61 - 75 min,O3 Break Through,
234,235,1,4165.899115122,4191.599939597,O4 Finishing,OB,Transition,Cutback,,Chance,Successful,61 - 75 min,O4 Finishing,
235,236,1,4198.898785542997,4221.5989603209955,D3 High Pressing,OB,,D3 Goal Kick or Free Kick,,Direct to O3/O4 OFF Transit,Successful,61 - 75 min,,
236,237,1,4202.299181464994,4237.7968675319835,O3 Break Through,OB,Transition,D3 High Press on Opp. Half,,"Cross, Shot, Set-Piece or Box Entry",Successful,61 - 75 min,O3 Break Through,
237,238,1,4218.899182405005,4245.897365299991,O4 Finishing,OB,Transition,Square Pass,,"Cross, Shot, Set-Piece or Box Entry",Neutral,61 - 75 min,O4 Finishing,
238,239,1,4243.998254046998,4273.399281945997,O4 Finishing,OB,Corner Kick,,,"Cross, Shot, Set-Piece or Box Entry",Neutral,61 - 75 min,O4 Finishing,
239,240,1,4260.093979365002,4271.093979365002,off corner,OB,Corner Kick,,,,,,O4 Finishing,
240,241,1,4284.7977951729945,4322.489765180004,D3 Middle / Lower Pressing,OB,,D3 Goal Kick or Free Kick,,Stay In Phase,Neutral,61 - 75 min,,
241,242,1,4312.796424376995,4334.597853942988,D4 Defending the Box,OB,Established Play,Chipball,,Intercepted by Defence,Successful,61 - 75 min,,
242,243,1,4323.298660175993,4331.597930267996,D3 Middle / Lower Pressing,OB,,After Ball Loss,,"Cross, Shot, Set-Piece or Box Entry",Unsuccessful,61 - 75 min,,
243,244,1,4332.49957068699,4366.5992067470015,O2 Build Up,OB,,O2 After Regain,,Progress to Next Phase,Successful,61 - 75 min,O2 Build Up,
244,245,1,4347.297747631994,4375.798424005991,O3 Break Through,OB,Established Play,Wide Link Up Play,,"Cross, Shot, Set-Piece or Box Entry",Successful,61 - 75 min,O3 Break Through,True
245,246,1,4356.498672312992,4373.298664622989,O4 Finishing,OB,Established Play,Cutback,,"Cross, Shot, Set-Piece or Box Entry",Neutral,61 - 75 min,O4 Finishing,
246,247,1,4386.2989063730065,4421.999814990997,O4 Finishing,OB,Corner Kick,Central Area,,"Cross, Shot, Set-Piece or Box Entry",Neutral,61 - 75 min,O4 Finishing,
247,248,1,4406.897794552995,4417.897794552995,off corner,OB,,Central Area,,,,,,
248,249,1,4436.799180125999,4468.199666953989,O4 Finishing,OB,Lateral Free Kick,Back Area,,"Cross, Shot, Set-Piece or Box Entry",Neutral,61 - 75 min,O4 Finishing,
249,250,1,4456.098472019985,4467.098472019985,off free kick,OB,,Back Area,,,,,,
250,251,1,4471.597728875992,4492.898745406982,D3 High Pressing,OB,,D3 Goal Kick or Free Kick,,Stay In Phase,Neutral,61 - 75 min,,
251,252,1,4476.29867090499,4505.197744747988,D4 Defending the Box,OB,Established Play,Chipball,,"Cross, Shot, Set-Piece or Box Entry",Neutral,61 - 75 min,,
252,253,1,4493.49867744599,4502.698901994982,D3 Middle / Lower Pressing,OB,,D3 From High to Med/Low,,"Cross, Shot, Set-Piece or Box Entry",Unsuccessful,61 - 75 min,,
253,254,1,4508.69909106299,4537.6986773869985,D3 Middle / Lower Pressing,OB,,After Ball Loss,,"Cross, Shot, Set-Piece or Box Entry",Unsuccessful,61 - 75 min,,
254,255,1,4518.599613591984,4537.799101268995,D4 Defending the Box,OB,Established Play,Chipball,,Intercepted by Defence,Successful,61 - 75 min,,
255,256,1,4553.899524393989,4572.297825052992,O1 Play from the Back,OB,,O1 Goal Kick or Free Kick,,Progress to Next Phase,Successful,61 - 75 min,O1 Play from the Back,
256,257,1,4572.798417283984,4577.799362279996,O2 Build Up,OB,,O1 to O2,,Stay In Phase,Neutral,61 - 75 min,O2 Build Up,
257,258,1,4578.598440354996,4585.298927385997,O1 Play from the Back,OB,,O2 to O1,,Progress to Next Phase,Successful,61 - 75 min,O1 Play from the Back,
258,259,1,4585.8988776139795,4600.499031858002,O2 Build Up,OB,,O1 to O2,,Ball Loss --> D3 Press,Unsuccessful,61 - 75 min,O2 Build Up,
259,260,1,4604.099652541987,4628.398963720005,D3 High Pressing,OB,,D3 Press on Throw-In,,"Intercept. -> Estab. (O1, O2, O3)",Successful,76 - 90 min,,
260,261,1,4677.599221991997,4701.69895248699,O2 Build Up,OB,,O2 Free Kick,,Ball Loss --> D3 Press,Unsuccessful,76 - 90 min,O2 Build Up,
261,262,1,4703.399003155986,4729.698778164981,D3 High Pressing,OB,,D3 Press on Throw-In,,"Intercept. -> Estab. (O1, O2, O3)",Successful,76 - 90 min,,
262,263,1,4719.9976339259965,4750.598659393994,O3 Break Through,OB,Established Play,Central Play Infront of Backline,,"Cross, Shot, Set-Piece or Box Entry",Successful,76 - 90 min,O3 Break Through,
263,264,1,4730.897769628998,4738.899949623987,O2 Build Up,OB,,O2 Free Kick,,Progress to Next Phase,Successful,76 - 90 min,O2 Build Up,
264,265,1,4731.395627235983,4753.798412605,O4 Finishing,OB,Established Play,Chipball,,Intercepted by Defence,Unsuccessful,76 - 90 min,O4 Finishing,
265,266,1,4740.299106445993,4746.098081440994,D1 Counterpress,OB,,After O3/O4,,"Intercept. -> Estab. (O1, O2, O3)",Successful,76 - 90 min,,
266,267,1,4785.2985529799835,4823.49957166699,D3 Middle / Lower Pressing,OB,,D3 Goal Kick or Free Kick,,"Intercept. -> Estab. (O1, O2, O3)",Successful,76 - 90 min,,
267,268,1,4824.499018398001,4830.097762434997,O2 Build Up,OB,,O2 After Regain,,Stay In Phase,Neutral,76 - 90 min,O2 Build Up,
268,269,1,4830.799059816992,4839.658647045987,O1 Play from the Back,OB,,O2 to O1,,Progress to Next Phase,Successful,76 - 90 min,O1 Play from the Back,
269,270,1,4840.598704740987,4842.398675915987,O2 Build Up,OB,,O1 to O2,,Stay In Phase,Neutral,76 - 90 min,O2 Build Up,
270,271,1,4860.799023319997,4902.098707829988,O3 Break Through,OB,Established Play,Wide Link Up Play,,Ball Loss --> D4 Defend The Box,Unsuccessful,76 - 90 min,O3 Break Through,
271,272,1,4862.098058873991,4880.098668054988,O2 Build Up,OB,,O2 Free Kick,,Progress to Next Phase,Successful,76 - 90 min,O2 Build Up,
272,273,1,4885.3988478509955,4904.597250627982,D4 Defending the Box,OB,Transition,Chipball,,"Cross, Shot, Set-Piece or Box Entry",Neutral,76 - 90 min,,
273,274,1,4885.699104225,4915.396603066997,D4 Defending the Box,OB,Established Play,1v1,,Intercepted by Defence,Successful,76 - 90 min,,
274,275,1,4888.099198564996,4900.796935241984,D1 Counterpress,OB,,After O3/O4,,"Cross, Shot, Set-Piece or Box Entry",Unsuccessful,76 - 90 min,,
275,276,1,4902.397887596993,4906.8959728199925,D2 Finding Balance,OB,,Transition After CP,,"Cross, Shot, Set-Piece or Box Entry",Unsuccessful,76 - 90 min,,
276,277,1,4919.197945728007,4946.199177158987,O3 Break Through,OB,Established Play,1v1 Wide / Halfspace,,Ball Loss --> D3 Press,Unsuccessful,76 - 90 min,O3 Break Through,
277,278,1,4922.397714650999,4934.199882858986,O1 Play from the Back,OB,,O1 Goal Kick or Free Kick,,Progress to Next Phase,Successful,76 - 90 min,O1 Play from the Back,
278,279,1,4934.397857386991,4963.398747112993,O3 Break Through,OB,Transition,D3 High Press on Opp. Half,,Ball Loss --> D3 Press,Unsuccessful,76 - 90 min,O3 Break Through,
279,280,1,4934.7994687159935,4938.5987116819815,O2 Build Up,OB,,O1 to O2,,Progress to Next Phase,Successful,76 - 90 min,O2 Build Up,
280,281,1,4947.798609914988,4953.799415581987,D3 High Pressing,OB,,After Ball Loss,,Direct to O3/O4 OFF Transit,Successful,76 - 90 min,,
281,282,1,4961.800013107984,4969.297912798997,D1 Counterpress,OB,,After O3/O4,,Establishing Pressing,Neutral,76 - 90 min,,
282,283,1,4970.397555226988,4978.498338624995,D2 Finding Balance,OB,,Transition After CP,,"Intercept. -> Estab. (O1, O2, O3)",Neutral,76 - 90 min,,
283,284,1,5002.187586028987,5007.699082439998,O2 Build Up,OB,,O2 Free Kick,,Ball Loss --> D3 Press,Unsuccessful,76 - 90 min,O2 Build Up,
284,285,1,5007.78839618599,5012.299150272996,D1 Counterpress,OB,,After O2 build-up,,"Intercept. -> Estab. (O1, O2, O3)",Successful,76 - 90 min,,
285,286,1,5013.799027240997,5029.999396234992,O2 Build Up,OB,,O2 Free Kick,,Stay In Phase,Neutral,76 - 90 min,O2 Build Up,
286,287,1,5021.79858754599,5051.399221144989,O3 Break Through,OB,Established Play,Central Play Infront of Backline,,Keep The Ball,Neutral,76 - 90 min,O3 Break Through,
287,288,1,5030.599033701984,5040.899134868998,O1 Play from the Back,OB,,O2 to O1,,Progress to O3-O4,Successful,76 - 90 min,O1 Play from the Back,
288,289,1,5036.2990299959965,5066.056533333333,O3 Break Through,OB,Established Play,1v1 Wide / Halfspace,,Lead to O4 chance,Successful,76 - 90 min,O3 Break Through,
289,290,1,5039.396928493012,5067.8939133109925,O4 Finishing,OB,Established Play,Cutback,,Chance,Successful,,O4 Finishing,
290,291,1,5039.537,5069.537,Bench,OB,,,,,,,,True
291,292,1,5043.1981380819925,5068.09932052799,O4 Finishing,OB,Established Play,Cutback,,Open Chance,Successful,76 - 90 min,O4 Finishing,
292,293,1,5052.099721610987,5055.698942307991,O2 Build Up,OB,,O3 to O2,,Progress to Next Phase,Successful,76 - 90 min,O2 Build Up,
293,294,1,5067.597540605992,5074.799045347997,D1 Counterpress,OB,,After O3/O4,,Establishing Pressing,Neutral,76 - 90 min,,
294,295,1,5087.799092724995,5116.798430396993,D3 Middle / Lower Pressing,OB,,D3 Goal Kick or Free Kick,,"Intercept. -> Estab. (O1, O2, O3)",Successful,76 - 90 min,,
295,296,1,5123.697069232985,5159.199169756985,O3 Break Through,OB,Established Play,1v1 Wide / Halfspace,,Keep The Ball,Neutral,76 - 90 min,O3 Break Through,
296,297,1,5125.600016681987,5133.597110417994,O1 Play from the Back,OB,,O1 After Regain,,Progress to Next Phase,Successful,76 - 90 min,O1 Play from the Back,
297,298,1,5134.397724098994,5142.899534789991,O2 Build Up,OB,,O1 to O2,,Progress to Next Phase,Successful,76 - 90 min,O2 Build Up,
298,299,1,5216.799435331993,5240.798937038999,O4 Finishing,OB,Established Play,Square Pass,,Open Chance,Successful,76 - 90 min,O4 Finishing,
299,300,1,5216.998029344995,5221.599208145985,O2 Build Up,OB,,O2 Free Kick,,,,76 - 90 min,O2 Build Up,
300,301,1,5218.198295237998,5235.599010191999,O2 Build Up,OB,,O2 Free Kick,,Progress to O4,Successful,76 - 90 min,O2 Build Up,
301,302,1,5223.198317770984,5246.198317770984,Goal FCN,OB,,Established Play,,,,,,
302,303,1,5293.087977188982,5311.7988589129955,D3 Middle / Lower Pressing,OB,,D3 Goal Kick or Free Kick,,"Intercept. -> Estab. (O1, O2, O3)",Successful,76 - 90 min,,
303,304,1,5313.8989859359845,5329.288375921996,O1 Play from the Back,OB,,O1 Throw-In,,Ball Loss --> D3 Press,Unsuccessful,76 - 90 min,O1 Play from the Back,
304,305,1,5325.999522532997,5353.7993476440015,D4 Defending the Box,OB,Established Play,Chipball,,Intercepted by Defence,Successful,76 - 90 min,,
305,306,1,5329.9989044439935,5344.899884503996,D3 Middle / Lower Pressing,OB,,After Ball Loss,,"Cross, Shot, Set-Piece or Box Entry",Unsuccessful,76 - 90 min,,
306,307,1,5337.899653321999,5361.000015775997,D4 Defending the Box,OB,Transition,Pass Infront of Backline,,"Cross, Shot, Set-Piece or Box Entry",Neutral,76 - 90 min,,
307,308,1,5350.299738619992,5357.097381981,O2 Build Up,OB,,O2 After Regain,,Ball Loss --> D4 Defend The Box,Unsuccessful,76 - 90 min,O2 Build Up,
308,309,1,5366.100493675997,5371.198641241997,O2 Build Up,OB,,O2 After Regain,,Stay In Phase,Neutral,76 - 90 min,O2 Build Up,
309,310,1,5474.599721433988,5488.398708021991,O2 Build Up,OB,,O2 Throw-In,,Ball Loss --> D3 Press,Unsuccessful,76 - 90 min,O2 Build Up,
310,311,1,5486.399265998985,5495.798896784005,D1 Counterpress,OB,,After O2 build-up,,Establishing Pressing,Neutral,76 - 90 min,,
311,312,1,5486.4877011349945,5516.5988134319905,D4 Defending the Box,OB,Throw In,Long Throw,,OFF Transition,Successful,90+ min,,
312,313,1,5497.998762786997,5524.598932232996,O3 Break Through,OB,Transition,After D4 Def. Box,,Lead to O4 chance,Successful,90+ min,O3 Break Through,
313,314,1,5502.09963403999,5525.120406012818,O4 Finishing,OB,Transition,Through Pass,,Open Chance,Successful,90+ min,O4 Finishing,
314,315,1,5522.999003845994,5548.298891423992,D4 Defending the Box,OB,Transition,Chipball,,"Cross, Shot, Set-Piece or Box Entry",Neutral,90+ min,,
315,316,1,5525.407507633279,5529.86879765747,O4 Finishing,OB,Transition,Pass Infront of Backline,,"Cross, Shot, Set-Piece or Box Entry",Neutral,90+ min,O4 Finishing,
316,317,1,5528.096933418991,5545.899595726995,D2 Finding Balance,OB,,Transition on Transition,,"Cross, Shot, Set-Piece or Box Entry",Unsuccessful,90+ min,,
317,318,1,5571.499425868992,5586.799111006999,O1 Play from the Back,OB,,O1 Goal Kick or Free Kick,,Ball Loss --> D3 Press,Unsuccessful,90+ min,O1 Play from the Back,
318,319,1,5587.998498685992,5604.499575866985,D3 Middle / Lower Pressing,OB,,After Ball Loss,,"Intercept. -> Estab. (O1, O2, O3)",Successful,90+ min,,
319,320,1,5606.098696004994,5626.698821113991,O2 Build Up,OB,,O2 Free Kick,,Ball Loss --> D3 Press,Unsuccessful,90+ min,O2 Build Up,
320,321,1,5628.899872615991,5634.399559446993,D3 High Pressing,OB,,D3 Press on Throw-In,,"Intercept. -> Estab. (O1, O2, O3)",Successful,90+ min,,
321,322,1,5639.099604311,5647.49908826698,O1 Play from the Back,OB,,O1 After Regain,,Ball Loss --> D3 Press,Unsuccessful,90+ min,O1 Play from the Back,
322,323,1,5648.6981408079855,5656.091387042988,D3 High Pressing,OB,,After Ball Loss,,Stay In Phase,Neutral,90+ min,,
323,324,1,5656.799414196986,5695.098954760004,D3 Middle / Lower Pressing,OB,,D3 From High to Med/Low,,"Cross, Shot, Set-Piece or Box Entry",Unsuccessful,90+ min,,
324,325,1,5676.299639529998,5706.799115294987,D4 Defending the Box,OB,Lateral Free Kick,Central Area,,,,90+ min,,
325,326,1,5696.298112694986,5707.298112694986,def free kick,OB,,Central Area,,Intercepted by Defence,Successful,,,
326,327,1,5709.199290853993,5721.598968270989,O1 Play from the Back,OB,,O1 After Regain,,Stay In Phase,Neutral,90+ min,O1 Play from the Back,
327,328,1,5722.499489854982,5747.097912599999,O2 Build Up,OB,,O2 Throw-In,,Ball Loss --> D3 Press,Unsuccessful,90+ min,O2 Build Up,
328,329,1,5739.699118529995,5764.598646589,D4 Defending the Box,OB,Established Play,Chipball,,"Cross, Shot, Set-Piece or Box Entry",Neutral,90+ min,,
329,330,1,5748.499303540992,5776.49882396299,D4 Defending the Box,OB,Established Play,Pass Infront of Backline,,"Cross, Shot, Set-Piece or Box Entry",Neutral,90+ min,,
330,331,1,5748.5983723489835,5755.698557331986,D3 High Pressing,OB,,After Ball Loss,,Stay In Phase,Neutral,90+ min,,
331,332,1,5756.599006683999,5759.098557388,D3 Middle / Lower Pressing,OB,,D3 From High to Med/Low,,"Cross, Shot, Set-Piece or Box Entry",Unsuccessful,90+ min,,
332,333,1,5761.79942540599,5786.798797956,D4 Defending the Box,OB,Established Play,Chipball,,Intercepted by Defence,Successful,90+ min,,
333,334,1,5767.399223663993,5774.698863659993,D3 Middle / Lower Pressing,OB,,After Ball Loss,,"Cross, Shot, Set-Piece or Box Entry",Unsuccessful,90+ min,,
334,335,1,5779.299719197993,5788.799535812992,D3 Middle / Lower Pressing,OB,,After Ball Loss,,"Cross, Shot, Set-Piece or Box Entry",Unsuccessful,90+ min,,
335,336,1,5794.099006260001,5803.699306205995,O1 Play from the Back,OB,,O1 After Regain,,Ball Loss --> D3 Press,Unsuccessful,90+ min,O1 Play from the Back,
336,337,1,5796.699740220997,5827.699290096987,D4 Defending the Box,OB,Established Play,1v1,,"Cross, Shot, Set-Piece or Box Entry",Neutral,90+ min,,
337,338,1,5805.097852149978,5823.499534000996,D3 Middle / Lower Pressing,OB,,After Ball Loss,,"Cross, Shot, Set-Piece or Box Entry",Unsuccessful,90+ min,,
338,339,1,5805.998563665986,5833.912254124987,D4 Defending the Box,OB,Established Play,Chipball,,Intercepted by Defence,Successful,90+ min,,
339,340,1,5836.498807292005,5849.4987744059845,D3 Middle / Lower Pressing,OB,,D3 Press on Throw-In,,"Intercept. -> Estab. (O1, O2, O3)",Successful,90+ min,,
