,code_id,period_id,timestamp,end_timestamp,code,01. Phase,02. Situation Type,04. Rating,03. Outcomes,Time Period,Opponent,00. Start Phase,<flag>New Flag
0,1,1,0.0,19.39987405499605,D4 Defending the Box,Established Play,Chipball,Neutral,"Cross, Shot, Set-Piece or Box Entry",0 - 15 min,Lyngby,,
1,2,1,0.39842248599472985,12.69750680499508,D3 Middle / Lower Pressing,,D3 Goal Kick or Free Kick,Unsuccessful,"Cross, Shot, Set-Piece or Box Entry",0 - 15 min,Lyngby,,
2,3,1,8.998278679997917,32.49909372200058,D4 Defending the Box,Established Play,Square Pass,Neutral,"Cross, Shot, Set-Piece or Box Entry",0 - 15 min,Lyngby,,
3,4,1,33.30037291599526,51.39827351399518,D4 Defending the Box,Established Play,Square Pass,Neutral,"Cross, Shot, Set-Piece or Box Entry",0 - 15 min,Lyngby,,
4,5,1,36.20018980499382,48.09857845699072,D3 Middle / Lower Pressing,,,Unsuccessful,"Cross, Shot, Set-Piece or Box Entry",0 - 15 min,Lyngby,,
5,6,1,38.9134,58.69951695799366,D4 Defending the Box,Established Play,Chipball,Neutral,"Cross, Shot, Set-Piece or Box Entry",0 - 15 min,Lyngby,,
6,7,1,69.69962445799884,94.99914204099487,D4 Defending the Box,Corner Kick,Back Area,Successful,Intercepted by Defence,0 - 15 min,Lyngby,,
7,8,1,83.75148,94.75148,def corner,,,,,,Lyngby,,
8,9,1,89.56018888888889,113.59980530599617,O3 Break Through,Transition,After D4 Def. Box,Unsuccessful,Ball Loss --> D3 Press,0 - 15 min,Lyngby,O3 Break Through,
9,10,1,97.39951554199038,108.09875745800241,O1 Play from the Back,,O1 After Regain,Unsuccessful,Ball Loss --> D3 Press,0 - 15 min,Lyngby,O1 Play from the Back,
10,11,1,113.09916126399564,136.29989326199797,D3 Middle / Lower Pressing,,After Ball Loss,Successful,"Intercept. -> Estab. (O1, O2, O3)",0 - 15 min,Lyngby,,True
11,12,1,142.39301323499853,151.09920590199877,O1 Play from the Back,,O1 Goal Kick or Free Kick,Neutral,Stay In Phase,0 - 15 min,Lyngby,O1 Play from the Back,
12,13,1,147.89895008299524,172.4625888888889,O3 Break Through,Established Play,4v4 or Less On Half Pitch,Neutral,Keep The Ball,0 - 15 min,Lyngby,O3 Break Through,
13,14,1,156.29593620699492,166.69999683299443,O1 Play from the Back,,O1 Goal Kick or Free Kick,Successful,Progress to Next Phase,0 - 15 min,Lyngby,O1 Play from the Back,
14,15,1,162.4625888888889,177.30017238899163,D1 Counterpress,,After O1 build-up,Successful,"Intercept. -> Estab. (O1, O2, O3)",0 - 15 min,Lyngby,,
15,16,1,168.7945351799947,186.3001979159974,D2 Finding Balance,,After Ball Loss,Successful,"Intercept. -> Estab. (O1, O2, O3)",0 - 15 min,Lyngby,,
16,17,1,184.898339958,215.09975903299747,O2 Build Up,,O2 After Regain,Successful,Progress to Next Phase,0 - 15 min,Lyngby,O2 Build Up,
17,18,1,195.99498074199434,228.59943474899984,O3 Break Through,Throw In,Short Throw-In,Neutral,Keep The Ball,0 - 15 min,Lyngby,O3 Break Through,
18,19,1,224.39686158299833,235.81986666666666,O2 Build Up,,O3 to O2,Neutral,Stay In Phase,0 - 15 min,Lyngby,O2 Build Up,
19,20,1,224.69609648999972,246.59894695500188,O3 Break Through,Established Play,4v4 or Less On Half Pitch,Successful,Lead to O4 chance,0 - 15 min,Lyngby,O3 Break Through,
20,21,1,227.49983383099746,252.39912937100283,O4 Finishing,Established Play,1v1,Successful,Chance,0 - 15 min,Lyngby,O4 Finishing,
21,22,1,233.89846483899976,243.94442222222222,O1 Play from the Back,,O2 to O1,Successful,Progress to O3-O4,0 - 15 min,Lyngby,O1 Play from the Back,
22,23,1,256.5988216649958,284.5004626719994,O3 Break Through,Throw In,Quick Restart,Neutral,Keep The Ball,0 - 15 min,Lyngby,O3 Break Through,
23,24,1,261.4943333333333,275.49987737299364,D3 High Pressing,,D3 Goal Kick or Free Kick,Successful,"Intercept. -> Estab. (O1, O2, O3)",0 - 15 min,Lyngby,,
24,25,1,285.7996259629986,297.59909271399675,O2 Build Up,,O3 to O2,Unsuccessful,Ball Loss --> D3 Press,0 - 15 min,Lyngby,O2 Build Up,
25,26,1,299.5999116600001,312.79935733299664,D3 High Pressing,,After Ball Loss,Neutral,Stay In Phase,0 - 15 min,Lyngby,,
26,27,1,316.3990166319995,345.2990803279989,D3 Middle / Lower Pressing,,D3 Press on Throw-In,Unsuccessful,"Cross, Shot, Set-Piece or Box Entry",0 - 15 min,Lyngby,,
27,28,1,329.99825603799366,352.39961270399516,D4 Defending the Box,Established Play,Pass Infront of Backline,Neutral,"Cross, Shot, Set-Piece or Box Entry",0 - 15 min,Lyngby,,
28,29,1,349.11690024033794,380.2458456818339,O1 Play from the Back,,O1 Goal Kick or Free Kick,Successful,Progress to O3-O4,0 - 15 min,Lyngby,O1 Play from the Back,True
29,30,1,354.8991095619928,376.4575111111111,O4 Finishing,Established Play,Through Pass,Successful,Open Chance,0 - 15 min,Lyngby,O4 Finishing,True
30,31,1,369.598107624997,388.6399222222222,D1 Counterpress,,After O3/O4,Neutral,Establishing Pressing,0 - 15 min,Lyngby,,
31,32,1,378.9969014969934,394.60020087000265,D2 Finding Balance,,Transition After CP,Neutral,Establishing Pressing,0 - 15 min,Lyngby,,
32,33,1,393.5996448279966,416.0985069949967,D3 Middle / Lower Pressing,,After Ball Loss,Successful,"Intercept. -> Estab. (O1, O2, O3)",0 - 15 min,Lyngby,,
33,34,1,431.49457777777775,449.44936666666666,O1 Play from the Back,,O1 Throw-In,Unsuccessful,Ball Loss --> D3 Press,0 - 15 min,Lyngby,O1 Play from the Back,
34,35,1,439.6997864579997,461.6991251099935,D1 Counterpress,,After O1 build-up,Successful,"Intercept. -> Estab. (O1, O2, O3)",0 - 15 min,Lyngby,,
35,36,1,460.29624661099547,481.36892222222224,O2 Build Up,,O2 After Regain,Successful,Progress to Next Phase,0 - 15 min,Lyngby,O2 Build Up,
36,37,1,461.5987343049976,483.09927695700196,O3 Break Through,Established Play,Early Through Pass or Cross,Successful,"Cross, Shot, Set-Piece or Box Entry",0 - 15 min,Lyngby,O3 Break Through,
37,38,1,463.8376333333333,488.1968588329962,O4 Finishing,Established Play,Chipball,Unsuccessful,Intercepted by Defence,0 - 15 min,Lyngby,O4 Finishing,
38,39,1,499.79510770799936,526.6308,D3 High Pressing,,After Ball Loss,Unsuccessful,D4 Chance,0 - 15 min,Lyngby,,
39,40,1,510.9002317919943,528.1003965559934,D4 Defending the Box,Established Play,Square Pass,Unsuccessful,Chance,0 - 15 min,Lyngby,,
40,41,1,518.6980436659974,546.6952988319974,D4 Defending the Box,Established Play,Chipball,Successful,Intercepted by Defence,0 - 15 min,Lyngby,,
41,42,1,519.999474596999,534.5980809859949,D2 Finding Balance,,D3 High Press on Opp. Half,Unsuccessful,D4 Chance,0 - 15 min,Lyngby,,
42,43,1,542.5996593609954,566.8972979429949,O3 Break Through,Established Play,4v4 or Less On Half Pitch,Unsuccessful,Ball Loss --> D3 Press,0 - 15 min,Lyngby,O3 Break Through,
43,44,1,550.6986391659991,559.1975731529959,O1 Play from the Back,,O1 After Regain,Successful,Progress to Next Phase,0 - 15 min,Lyngby,O1 Play from the Back,
44,45,1,556.2012242769937,577.3983069009984,D4 Defending the Box,Transition,1v1,Neutral,"Cross, Shot, Set-Piece or Box Entry",0 - 15 min,Lyngby,,
45,46,1,557.7975131529981,570.9986579849967,D2 Finding Balance,,After Ball Loss,Unsuccessful,"Cross, Shot, Set-Piece or Box Entry",0 - 15 min,Lyngby,,
46,47,1,589.0992378319933,605.4985501649973,O1 Play from the Back,,O1 Goal Kick or Free Kick,Unsuccessful,Ball Loss --> D3 Press,0 - 15 min,Lyngby,O1 Play from the Back,
47,48,1,615.2990625409948,631.0987422079967,D3 High Pressing,,After Ball Loss,Successful,"Intercept. -> Estab. (O1, O2, O3)",0 - 15 min,Lyngby,,
48,49,1,628.4973898749985,650.2004156240021,O2 Build Up,,O2 Throw-In,Successful,Progress to Next Phase,0 - 15 min,Lyngby,O2 Build Up,
49,50,1,632.2987399989979,657.5990003319937,O3 Break Through,Established Play,Wide Link Up Play,Neutral,Keep The Ball,0 - 15 min,Lyngby,O3 Break Through,
50,51,1,646.2984774159967,662.4991535549977,O2 Build Up,,O3 to O2,Unsuccessful,Ball Loss --> D3 Press,0 - 15 min,Lyngby,O2 Build Up,
51,52,1,665.9964875409963,683.4989658319936,D3 High Pressing,,,Neutral,Stay In Phase,0 - 15 min,Lyngby,,
52,53,1,684.8994336239921,697.899314747996,D3 Middle / Lower Pressing,,,Neutral,Stay In Phase,0 - 15 min,Lyngby,,
53,54,1,702.7999777777778,718.4768777777778,D3 Middle / Lower Pressing,,After Ball Loss,Unsuccessful,"Cross, Shot, Set-Piece or Box Entry",0 - 15 min,Lyngby,,
54,55,1,708.4768777777778,726.3122444444444,D2 Finding Balance,,D3 High Press on Opp. Half,Successful,"Intercept. -> Estab. (O1, O2, O3)",0 - 15 min,Lyngby,,
55,56,1,723.3122444444444,739.5001813329912,O1 Play from the Back,,O1 Throw-In,Successful,Progress to Next Phase,0 - 15 min,Lyngby,O1 Play from the Back,
56,57,1,776.2986770549967,795.5000067919971,O2 Build Up,,O2 Free Kick,Successful,Progress to Next Phase,0 - 15 min,Lyngby,O2 Build Up,
57,58,1,818.9572,853.1004455389954,O4 Finishing,Lateral Free Kick,Back Area,Neutral,"Cross, Shot, Set-Piece or Box Entry",0 - 15 min,Lyngby,O4 Finishing,
58,59,1,836.5915444444445,847.5915444444445,off free kick,,,,,,Lyngby,,
59,60,1,838.7135444444444,863.899023207993,O3 Break Through,Throw In,Quick Restart,Successful,"Cross, Shot, Set-Piece or Box Entry",0 - 15 min,Lyngby,O3 Break Through,
60,61,1,856.7954194579954,872.9987422899966,D1 Counterpress,,After O3/O4,Neutral,Establishing Pressing,0 - 15 min,Lyngby,,
61,62,1,889.4997739259956,906.0990227880028,D3 Middle / Lower Pressing,,D3 Goal Kick or Free Kick,Unsuccessful,"Cross, Shot, Set-Piece or Box Entry",0 - 15 min,Lyngby,,
62,63,1,890.8907705779974,905.4993895869991,D4 Defending the Box,Established Play,Pass Infront of Backline,Neutral,"Cross, Shot, Set-Piece or Box Entry",0 - 15 min,Lyngby,,
63,64,1,923.826502790999,950.8966257230031,D4 Defending the Box,Corner Kick,Back Area,Successful,OFF Transition,16 - 30 min,Lyngby,,
64,65,1,931.799965347992,957.0998908059956,O3 Break Through,Transition,After D4 Def. Box,Unsuccessful,Ball Loss --> D3 Press,16 - 30 min,Lyngby,O3 Break Through,
65,66,1,936.8288,947.8288,def corner,,,,,,Lyngby,,
66,67,1,970.8980777777778,983.0004419080003,D3 Middle / Lower Pressing,,D3 Press on Throw-In,Unsuccessful,"Cross, Shot, Set-Piece or Box Entry",16 - 30 min,Lyngby,,
67,68,1,1003.5997135189981,1020.6992522559921,O1 Play from the Back,,O1 Goal Kick or Free Kick,Unsuccessful,Ball Loss --> D3 Press,16 - 30 min,Lyngby,O1 Play from the Back,
68,69,1,1005.5993747179976,1028.2000216779911,D1 Counterpress,,After O1 build-up,Unsuccessful,"Cross, Shot, Set-Piece or Box Entry",16 - 30 min,Lyngby,,
69,70,1,1011.398274717998,1039.200180801997,O3 Break Through,Transition,After D4 Def. Box,Unsuccessful,Ball Loss --> D3 Press,16 - 30 min,Lyngby,O3 Break Through,
70,71,1,1012.2624777777778,1029.4965450919954,D2 Finding Balance,,Transition After CP,Neutral,Establishing Pressing,16 - 30 min,Lyngby,,
71,72,1,1049.098798029,1061.700058145996,D3 Middle / Lower Pressing,,D3 Press on Throw-In,Neutral,Stay In Phase,16 - 30 min,Lyngby,,
72,73,1,1059.499676856001,1086.9997566359937,D3 High Pressing,,D3 From Low/Med to High,Unsuccessful,"Cross, Shot, Set-Piece or Box Entry",16 - 30 min,Lyngby,,
73,74,1,1060.497173927001,1084.299955596998,D2 Finding Balance,,D3 High Press on Opp. Half,Unsuccessful,"Cross, Shot, Set-Piece or Box Entry",16 - 30 min,Lyngby,,
74,75,1,1069.3987081820005,1094.9022088469972,D4 Defending the Box,Established Play,Chipball,Successful,Intercepted by Defence,16 - 30 min,Lyngby,,
75,76,1,1122.199827587999,1173.5989368619985,O2 Build Up,,O2 Free Kick,Unsuccessful,Ball Loss --> D3 Press,16 - 30 min,Lyngby,O2 Build Up,
76,77,1,1182.698511791997,1211.4996149999902,D4 Defending the Box,Established Play,Chipball,Unsuccessful,Chance,16 - 30 min,Lyngby,,
77,78,1,1190.795841373993,1198.199945666,D3 Middle / Lower Pressing,,After Ball Loss,Unsuccessful,"Cross, Shot, Set-Piece or Box Entry",16 - 30 min,Lyngby,,
78,79,1,1259.3444111111112,1289.300688096992,O1 Play from the Back,,O1 Goal Kick or Free Kick,Unsuccessful,Ball Loss --> D3 Press,16 - 30 min,Lyngby,O1 Play from the Back,
79,80,1,1293.3998940409926,1325.1003182699926,O3 Break Through,Transition,D3 High Press on Opp. Half,Unsuccessful,Ball Loss --> D3 Press,16 - 30 min,Lyngby,O3 Break Through,
80,81,1,1293.799071235996,1311.9000112479978,D3 High Pressing,,After Ball Loss,Successful,Direct to O3/O4 OFF Transit,16 - 30 min,Lyngby,,
81,82,1,1315.699822311994,1329.4004385609926,D1 Counterpress,,After O3/O4,Neutral,Establishing Pressing,16 - 30 min,Lyngby,,
82,83,1,1349.1996217699946,1376.9003132289915,O3 Break Through,Transition,D3 Win Ball Low/Middle,Successful,Lead to O4 chance,16 - 30 min,Lyngby,O3 Break Through,
83,84,1,1351.595832536998,1368.0002674369925,D3 Middle / Lower Pressing,,D3 Goal Kick or Free Kick,Successful,Direct to O3/O4 OFF Transit,16 - 30 min,Lyngby,,
84,85,1,1357.5981705199988,1382.1999521869975,O4 Finishing,Transition,Cutback,Successful,Chance,16 - 30 min,Lyngby,O4 Finishing,
85,86,1,1369.5971366239949,1389.999502249999,D1 Counterpress,,After O3/O4,Neutral,Establishing Pressing,16 - 30 min,Lyngby,,
86,87,1,1390.499198443001,1417.245,O3 Break Through,Transition,D3 Win Ball Low/Middle,Unsuccessful,Ball Loss --> D3 Press,16 - 30 min,Lyngby,O3 Break Through,
87,88,1,1395.498774331993,1409.7015584859985,D3 Middle / Lower Pressing,,D3 Goal Kick or Free Kick,Successful,Direct to O3/O4 OFF Transit,16 - 30 min,Lyngby,,
88,89,1,1409.7990580960004,1436.7947666666666,O3 Break Through,Transition,D3 Win Ball Low/Middle,Successful,"Cross, Shot, Set-Piece or Box Entry",16 - 30 min,Lyngby,O3 Break Through,
89,90,1,1413.8591222222221,1429.1003737629933,D3 High Pressing,,After Ball Loss,Successful,Direct to O3/O4 OFF Transit,16 - 30 min,Lyngby,,
90,91,1,1417.2989699589957,1441.7970772909973,O4 Finishing,Transition,Cutback,Neutral,"Cross, Shot, Set-Piece or Box Entry",16 - 30 min,Lyngby,O4 Finishing,
91,92,1,1456.0970333333332,1500.0972401659917,O4 Finishing,Corner Kick,Front Area,Successful,Chance,16 - 30 min,Lyngby,O4 Finishing,
92,93,1,1472.7989828739976,1483.7989828739976,off corner,,,,,,Lyngby,,
93,94,1,1486.4000119999978,1526.5969845820007,O4 Finishing,Throw In,Long Throw,Unsuccessful,Intercepted by Defence,16 - 30 min,Lyngby,O4 Finishing,
94,95,1,1531.3993528330038,1551.0995227900023,D3 Middle / Lower Pressing,,After Ball Loss,Successful,Direct to O3/O4 OFF Transit,16 - 30 min,Lyngby,,
95,96,1,1531.7989469559975,1560.099245262996,O3 Break Through,Transition,D3 Win Ball Low/Middle,Neutral,Keep The Ball,16 - 30 min,Lyngby,O3 Break Through,
96,97,1,1561.4980349719924,1611.2997448939984,O2 Build Up,,O3 to O2,Neutral,Stay In Phase,16 - 30 min,Lyngby,O2 Build Up,
97,98,1,1607.199387133992,1632.800161580995,O3 Break Through,Established Play,4v4 or Less On Half Pitch,Successful,"Cross, Shot, Set-Piece or Box Entry",16 - 30 min,Lyngby,O3 Break Through,
98,99,1,1610.0988475589966,1626.3003015909974,O1 Play from the Back,,O2 to O1,Successful,Progress to O3-O4,16 - 30 min,Lyngby,O1 Play from the Back,
99,100,1,1676.1291444444444,1706.466293114641,O4 Finishing,Lateral Free Kick,Central Area,Neutral,"Cross, Shot, Set-Piece or Box Entry",16 - 30 min,Lyngby,O4 Finishing,
100,101,1,1694.0942333333332,1705.0942333333332,off free kick,,,,,,Lyngby,,
101,102,1,1707.2992016789933,1747.700012095995,O4 Finishing,Corner Kick,Short Variation,Neutral,"Cross, Shot, Set-Piece or Box Entry",16 - 30 min,Lyngby,O4 Finishing,
102,103,1,1731.9994013879975,1742.9994013879975,off corner,,,,,,Lyngby,,
103,104,1,1768.8985840739958,1798.4989229649993,O3 Break Through,Transition,D3 High Press on Opp. Half,Unsuccessful,Ball Loss --> D3 Press,16 - 30 min,Lyngby,O3 Break Through,
104,105,1,1780.0979732810001,1788.459388888889,D3 High Pressing,,D3 Goal Kick or Free Kick,Successful,Direct to O3/O4 OFF Transit,16 - 30 min,Lyngby,,
105,106,1,1788.6998509369962,1813.7001443489949,D4 Defending the Box,Established Play,Chipball,Successful,Intercepted by Defence,16 - 30 min,Lyngby,,
106,107,1,1788.9996509650005,1803.099469363002,D2 Finding Balance,,Transition on Transition,Neutral,Establishing Pressing,16 - 30 min,Lyngby,,
107,108,1,1794.6209222222221,1817.6001816179953,O3 Break Through,Transition,After D4 Def. Box,Unsuccessful,Ball Loss --> D4 Defend The Box,31 - 45 min,Lyngby,O3 Break Through,
108,109,1,1824.4981267169926,1835.8513888888888,D3 Middle / Lower Pressing,,D3 Press on Throw-In,Neutral,Stay In Phase,31 - 45 min,Lyngby,,
109,110,1,1833.2985149719952,1849.899929110002,D3 High Pressing,,D3 From Low/Med to High,Successful,"Intercept. -> Estab. (O1, O2, O3)",31 - 45 min,Lyngby,,
110,111,1,1848.8984615039963,1896.5493222222221,O2 Build Up,,O2 After Regain,Successful,Progress to Next Phase,31 - 45 min,Lyngby,O2 Build Up,
111,112,1,1877.2985849089937,1901.907615492,O3 Break Through,Established Play,Central Play Infront of Backline,Successful,"Cross, Shot, Set-Piece or Box Entry",31 - 45 min,Lyngby,O3 Break Through,
112,113,1,1879.2968595819955,1903.9999334029999,O4 Finishing,Established Play,Cutback,Neutral,"Cross, Shot, Set-Piece or Box Entry",31 - 45 min,Lyngby,O4 Finishing,
113,114,1,1894.7964166539994,1910.507913818,D1 Counterpress,,,Neutral,Establishing Pressing,31 - 45 min,Lyngby,,
114,115,1,1900.6999434470022,1920.0989705669974,D2 Finding Balance,,After Ball Loss,Neutral,Establishing Pressing,31 - 45 min,Lyngby,,
115,116,1,1917.898005690995,1950.2601111111112,D3 Middle / Lower Pressing,,After Ball Loss,Neutral,Stay In Phase,31 - 45 min,Lyngby,,
116,117,1,1934.5002588489972,1954.5984885979924,D4 Defending the Box,Established Play,Chipball,Successful,Intercepted by Defence,31 - 45 min,Lyngby,,
117,118,1,1977.7000110200004,2011.3001051169924,O2 Build Up,,O2 After Regain,Successful,Progress to Next Phase,31 - 45 min,Lyngby,O2 Build Up,
118,119,1,1992.09974766,2019.190792151,O3 Break Through,Established Play,Central Play Infront of Backline,Unsuccessful,Ball Loss --> D4 Defend The Box,31 - 45 min,Lyngby,O3 Break Through,
119,120,1,2002.798531213999,2019.699186259999,D2 Finding Balance,,After Ball Loss,Unsuccessful,"Cross, Shot, Set-Piece or Box Entry",31 - 45 min,Lyngby,,
120,121,1,2005.0406222222223,2026.000181591998,D4 Defending the Box,Transition,Cutback,Successful,Intercepted by Defence,31 - 45 min,Lyngby,,
121,122,1,2032.3949313879928,2043.199820915994,O1 Play from the Back,,O1 After Regain,Successful,Progress to Next Phase,31 - 45 min,Lyngby,O1 Play from the Back,
122,123,1,2033.0982149999977,2056.9000227499946,O3 Break Through,Established Play,Central Play Infront of Backline,Unsuccessful,Ball Loss --> D3 Press,31 - 45 min,Lyngby,O3 Break Through,
123,124,1,2040.299016123,2052.3919515419934,O2 Build Up,,O1 to O2,Successful,Progress to Next Phase,31 - 45 min,Lyngby,O2 Build Up,
124,125,1,2052.499350707993,2078.699529414994,O3 Break Through,Transition,D3 High Press on Opp. Half,Successful,"Cross, Shot, Set-Piece or Box Entry",31 - 45 min,Lyngby,O3 Break Through,
125,126,1,2054.902988888889,2075.599728970999,D3 High Pressing,,D3 Press on Throw-In,Successful,Direct to O3/O4 OFF Transit,31 - 45 min,Lyngby,,
126,127,1,2128.499805025997,2152.2999198759967,O4 Finishing,Direct Free Kick,"Middle 20,5 - 23 m",Successful,Chance,31 - 45 min,Lyngby,O4 Finishing,
127,128,1,2144.28528,2167.28528,Goal FCN,,Direct Free Kick,,,,Lyngby,,
128,129,1,2146.81076,2157.81076,off free kick,,,,,,Lyngby,,
129,130,1,2210.798490227002,2234.9436111111113,D3 Middle / Lower Pressing,,D3 Goal Kick or Free Kick,Unsuccessful,"Cross, Shot, Set-Piece or Box Entry",31 - 45 min,Lyngby,,
130,131,1,2219.6996907309954,2239.799795773999,D4 Defending the Box,Established Play,Chipball,Successful,Intercepted by Defence,31 - 45 min,Lyngby,,
131,132,1,2237.3999413169995,2261.18516315,O3 Break Through,Established Play,4v4 or Less On Half Pitch,Successful,"Cross, Shot, Set-Piece or Box Entry",31 - 45 min,Lyngby,O3 Break Through,
132,133,1,2241.18516315,2261.6973526719994,O4 Finishing,Established Play,Chipball,Unsuccessful,Intercepted by Defence,31 - 45 min,Lyngby,O4 Finishing,
133,134,1,2245.6993578249976,2256.7415,O1 Play from the Back,,O1 After Regain,Successful,Progress to O3-O4,31 - 45 min,Lyngby,O1 Play from the Back,
134,135,1,2270.599370328,2298.339088888889,O3 Break Through,Transition,D3 Win Ball Low/Middle,Unsuccessful,Ball Loss --> D3 Press,31 - 45 min,Lyngby,O3 Break Through,
135,136,1,2270.798563661997,2290.3791,D3 Middle / Lower Pressing,,After Ball Loss,Successful,Direct to O3/O4 OFF Transit,31 - 45 min,Lyngby,,
136,137,1,2293.0231444444444,2310.6962815839975,D3 Middle / Lower Pressing,,After Ball Loss,Neutral,Stay In Phase,31 - 45 min,Lyngby,,
137,138,1,2308.499427167999,2324.7993179150026,D3 High Pressing,,D3 From Low/Med to High,Neutral,Stay In Phase,31 - 45 min,Lyngby,,
138,139,1,2317.8603777777776,2340.7982022489937,O3 Break Through,Transition,D3 Win Ball Low/Middle,Unsuccessful,Ball Loss --> D3 Press,31 - 45 min,Lyngby,O3 Break Through,
139,140,1,2322.5981626229986,2335.198352792999,D3 Middle / Lower Pressing,,D3 From High to Med/Low,Successful,Direct to O3/O4 OFF Transit,31 - 45 min,Lyngby,,
140,141,1,2341.998618080997,2363.4999477829997,D3 Middle / Lower Pressing,,After Ball Loss,Successful,Direct to O3/O4 OFF Transit,31 - 45 min,Lyngby,,
141,142,1,2344.4991806999965,2368.999501865993,O3 Break Through,Transition,D3 Win Ball Low/Middle,Unsuccessful,Ball Loss --> D3 Press,31 - 45 min,Lyngby,O3 Break Through,
142,143,1,2369.4999339149986,2390.696989564997,D3 Middle / Lower Pressing,,After Ball Loss,Successful,Direct to O3/O4 OFF Transit,31 - 45 min,Lyngby,,
143,144,1,2371.5997124809924,2398.2993206969945,O3 Break Through,Transition,D3 Win Ball Low/Middle,Successful,"Cross, Shot, Set-Piece or Box Entry",31 - 45 min,Lyngby,O3 Break Through,
144,145,1,2379.1992273209985,2403.399137330002,O4 Finishing,Transition,Square Pass,Neutral,"Cross, Shot, Set-Piece or Box Entry",31 - 45 min,Lyngby,O4 Finishing,
145,146,1,2390.1997557049954,2417.300075476995,D2 Finding Balance,,After Ball Loss,Neutral,Establishing Pressing,31 - 45 min,Lyngby,,
146,147,1,2412.698063664999,2438.200468539998,D4 Defending the Box,Established Play,Chipball,Neutral,"Cross, Shot, Set-Piece or Box Entry",31 - 45 min,Lyngby,,
147,148,1,2415.297201935999,2428.4994555555554,D3 Middle / Lower Pressing,,,Unsuccessful,"Cross, Shot, Set-Piece or Box Entry",31 - 45 min,Lyngby,,
148,149,1,2426.6965198760026,2450.500051953001,O3 Break Through,Transition,D3 Win Ball Low/Middle,Unsuccessful,Ball Loss --> D3 Press,31 - 45 min,Lyngby,O3 Break Through,
149,150,1,2435.899474082998,2445.9996575010014,D3 Middle / Lower Pressing,,,Successful,Direct to O3/O4 OFF Transit,31 - 45 min,Lyngby,,
150,151,1,2459.5996892919957,2486.399410948995,D3 Middle / Lower Pressing,,D3 Press on Throw-In,Unsuccessful,"Cross, Shot, Set-Piece or Box Entry",31 - 45 min,Lyngby,,
151,152,1,2468.999849144995,2502.6939888888887,D4 Defending the Box,Established Play,Chipball,Successful,Intercepted by Defence,31 - 45 min,Lyngby,,
152,153,1,2500.2974160349972,2520.2949790969965,D1 Counterpress,,After O1 build-up,Successful,"Intercept. -> Estab. (O1, O2, O3)",31 - 45 min,Lyngby,,
153,154,1,2504.098761699993,2509.857045896,O1 Play from the Back,,O1 After Regain,Unsuccessful,Ball Loss --> D3 Press,31 - 45 min,Lyngby,O1 Play from the Back,
154,155,1,2517.9965666799953,2540.6992191649947,O1 Play from the Back,,O1 Throw-In,Successful,Progress to Next Phase,31 - 45 min,Lyngby,O1 Play from the Back,
155,156,1,2531.620122222222,2553.9992908329946,O4 Finishing,Established Play,Square Pass,Neutral,"Cross, Shot, Set-Piece or Box Entry",31 - 45 min,Lyngby,O4 Finishing,
156,157,1,2540.6995775819964,2551.620122222222,O2 Build Up,,O1 to O2,Successful,Progress to O4,31 - 45 min,Lyngby,O2 Build Up,
157,158,1,2568.4955507809987,2589.942988888889,D3 High Pressing,,D3 Goal Kick or Free Kick,Unsuccessful,"Cross, Shot, Set-Piece or Box Entry",31 - 45 min,Lyngby,,
158,159,1,2579.942988888889,2591.9999784669935,D2 Finding Balance,,D3 High Press on Opp. Half,Unsuccessful,"Cross, Shot, Set-Piece or Box Entry",31 - 45 min,Lyngby,,
159,160,1,2614.9748666666665,2639.1990989569913,D4 Defending the Box,Lateral Free Kick,Back Area,Neutral,"Cross, Shot, Set-Piece or Box Entry",31 - 45 min,Lyngby,,
160,161,1,2627.9748666666665,2638.9748666666665,def free kick,,,,,,Lyngby,,
161,162,1,2659.2966990410005,2684.900216249003,O3 Break Through,Established Play,Wide Link Up Play,Neutral,Keep The Ball,31 - 45 min,Lyngby,O3 Break Through,
162,163,1,2664.800266754997,2678.4994628329996,O1 Play from the Back,,O1 Goal Kick or Free Kick,Successful,Progress to O3-O4,31 - 45 min,Lyngby,O1 Play from the Back,
163,164,1,2669.298812136995,2695.7998822149975,O3 Break Through,Throw In,Short Throw-In,Neutral,Keep The Ball,31 - 45 min,Lyngby,O3 Break Through,
164,165,1,2691.399216922999,2705.255011111111,O2 Build Up,,O3 to O2,,,31 - 45 min,Lyngby,O2 Build Up,
165,166,1,2711.3998507599945,2732.106488888889,O1 Play from the Back,,O2 to O1,Neutral,Stay In Phase,46 - 60 min,Lyngby,O1 Play from the Back,
166,167,1,2722.106488888889,2732.9981225359948,D1 Counterpress,,After O1 build-up,Successful,"Intercept. -> Estab. (O1, O2, O3)",46 - 60 min,Lyngby,,
167,168,1,2723.6987133880007,2754.999268803998,O3 Break Through,Established Play,1v1 Wide / Halfspace,Unsuccessful,Ball Loss --> D3 Press,46 - 60 min,Lyngby,O3 Break Through,
168,169,1,2732.397345623001,2743.2000844289983,O2 Build Up,,O2 Throw-In,Successful,Progress to Next Phase,46 - 60 min,Lyngby,O2 Build Up,
169,170,1,2737.7000392080017,2764.7483555555555,D1 Counterpress,,After O3/O4,Successful,"Intercept. -> Estab. (O1, O2, O3)",46 - 60 min,Lyngby,,
170,171,1,2764.602863031996,2793.4966037069953,O2 Build Up,,O2 After Regain,Successful,Progress to Next Phase,46 - 60 min,Lyngby,O2 Build Up,
171,172,1,2774.3991342900017,2817.4157111111112,O3 Break Through,Established Play,Wide Link Up Play,Unsuccessful,Ball Loss --> D4 Defend The Box,46 - 60 min,Lyngby,O3 Break Through,
172,173,1,2801.1979753879987,2829.8997727079945,O3 Break Through,Transition,After D4 Def. Box,Unsuccessful,Ball Loss --> D3 Press,46 - 60 min,Lyngby,O3 Break Through,
173,174,1,2802.3960192080003,2819.8448222222223,D4 Defending the Box,Transition,Pass Infront of Backline,Successful,Intercepted by Defence,46 - 60 min,Lyngby,,
174,175,1,2807.4157111111112,2817.299939458995,D2 Finding Balance,,After Ball Loss,Unsuccessful,"Cross, Shot, Set-Piece or Box Entry",46 - 60 min,Lyngby,,
175,176,1,2831.243611111111,2856.949488888889,D3 Middle / Lower Pressing,,D3 Press on Throw-In,Successful,"Intercept. -> Estab. (O1, O2, O3)",46 - 60 min,Lyngby,,
176,177,1,2863.098059198997,2875.299150468998,O1 Play from the Back,,O1 After Regain,Successful,Progress to Next Phase,46 - 60 min,Lyngby,O1 Play from the Back,
177,178,1,2870.798782884996,2924.799930964999,O2 Build Up,,O1 to O2,Successful,Progress to Next Phase,46 - 60 min,Lyngby,O2 Build Up,
178,179,1,2905.3994861309993,2931.697252340002,O3 Break Through,Established Play,Central Play Infront of Backline,Successful,"Cross, Shot, Set-Piece or Box Entry",46 - 60 min,Lyngby,O3 Break Through,
179,180,1,2912.8644,2933.9000705059975,O4 Finishing,Established Play,Square Pass,Successful,Chance,46 - 60 min,Lyngby,O4 Finishing,
180,181,1,2918.1985774860004,2957.699312568997,O3 Break Through,Established Play,Wide Link Up Play,Neutral,Keep The Ball,46 - 60 min,Lyngby,O3 Break Through,
181,182,1,2953.2000972769956,3039.0042333333336,O2 Build Up,,O3 to O2,Successful,Progress to Next Phase,46 - 60 min,Lyngby,O2 Build Up,
182,183,1,3019.0042333333336,3045.751308542,O3 Break Through,Established Play,Central Play Infront of Backline,Neutral,Keep The Ball,46 - 60 min,Lyngby,O3 Break Through,
183,184,1,3026.4991603549956,3053.3457333333336,O3 Break Through,Transition,Transition After CP,Successful,"Cross, Shot, Set-Piece or Box Entry",46 - 60 min,Lyngby,O3 Break Through,
184,185,1,3033.3457333333336,3054.9001126570033,O4 Finishing,Established Play,Cutback,Neutral,"Cross, Shot, Set-Piece or Box Entry",46 - 60 min,Lyngby,O4 Finishing,
185,186,1,3035.751308542,3049.9989825229977,D1 Counterpress,,After O3/O4,Successful,Direct to O3/O4 OFF Transit,46 - 60 min,Lyngby,,
186,187,1,3057.501922222222,3084.6398222222224,O3 Break Through,Established Play,Wide Link Up Play,Unsuccessful,Ball Loss --> D3 Press,46 - 60 min,Lyngby,O3 Break Through,
187,188,1,3060.0977860220028,3077.501922222222,O2 Build Up,,O3 to O2,Successful,Progress to Next Phase,46 - 60 min,Lyngby,O2 Build Up,
188,189,1,3074.6398222222224,3086.79959337,D1 Counterpress,,After O3/O4,Neutral,Establishing Pressing,46 - 60 min,Lyngby,,
189,190,1,3077.298136209992,3099.1997877929975,D4 Defending the Box,Transition,1v1,Successful,Intercepted by Defence,46 - 60 min,Lyngby,,
190,191,1,3078.1055444444446,3093.0596444444445,D2 Finding Balance,,Transition After CP,Neutral,Establishing Pressing,46 - 60 min,Lyngby,,
191,192,1,3115.0998151069984,3140.100177777778,O3 Break Through,Transition,Transition After CP,Unsuccessful,Ball Loss --> D3 Press,46 - 60 min,Lyngby,O3 Break Through,
192,193,1,3118.583762529,3134.5001572739984,D1 Counterpress,,After O1 build-up,Successful,Direct to O3/O4 OFF Transit,46 - 60 min,Lyngby,,
193,194,1,3121.29637235,3133.6242555555555,O1 Play from the Back,,O1 Goal Kick or Free Kick,Successful,Progress to Next Phase,46 - 60 min,Lyngby,O1 Play from the Back,
194,195,1,3131.4709333333335,3148.3995225739945,D1 Counterpress,,After O3/O4,Neutral,Establishing Pressing,46 - 60 min,Lyngby,,
195,196,1,3146.2979577009933,3165.5453333333335,D3 High Pressing,,After Ball Loss,Neutral,Stay In Phase,46 - 60 min,Lyngby,,
196,197,1,3162.5453333333335,3171.0954714529976,D3 Middle / Lower Pressing,,D3 From High to Med/Low,Neutral,Stay In Phase,46 - 60 min,Lyngby,,
197,198,1,3178.096619853997,3200.6824548139953,D3 Middle / Lower Pressing,,D3 Goal Kick or Free Kick,Successful,"Intercept. -> Estab. (O1, O2, O3)",46 - 60 min,Lyngby,,
198,199,1,3202.0994777589985,3232.899811671996,O2 Build Up,,O2 Throw-In,Successful,Progress to Next Phase,46 - 60 min,Lyngby,O2 Build Up,
199,200,1,3213.700970796002,3239.5990886179966,O3 Break Through,Established Play,Wide Link Up Play,Unsuccessful,Ball Loss --> D3 Press,46 - 60 min,Lyngby,O3 Break Through,
200,201,1,3236.3116666666665,3255.4639888888887,D3 Middle / Lower Pressing,,D3 Press on Throw-In,Unsuccessful,"Cross, Shot, Set-Piece or Box Entry",46 - 60 min,Lyngby,,
201,202,1,3238.46396,3256.9002620779984,D2 Finding Balance,,D3 High Press on Opp. Half,Unsuccessful,"Cross, Shot, Set-Piece or Box Entry",46 - 60 min,Lyngby,,
202,203,1,3242.500337910996,3262.8972840480033,D4 Defending the Box,Established Play,Square Pass,Successful,Intercepted by Defence,46 - 60 min,Lyngby,,
203,204,1,3259.9969923729936,3286.5392666666667,O3 Break Through,Established Play,Central Play Infront of Backline,Successful,"Cross, Shot, Set-Piece or Box Entry",46 - 60 min,Lyngby,O3 Break Through,
204,205,1,3265.8986183360016,3278.999982665003,O2 Build Up,,O2 After Regain,Successful,Progress to Next Phase,46 - 60 min,Lyngby,O2 Build Up,
205,206,1,3266.5392666666667,3291.9992390830002,O4 Finishing,Established Play,1v1,Neutral,"Cross, Shot, Set-Piece or Box Entry",46 - 60 min,Lyngby,O4 Finishing,
206,207,1,3286.498283415996,3310.8697666666667,D2 Finding Balance,,After Ball Loss,Unsuccessful,"Cross, Shot, Set-Piece or Box Entry",46 - 60 min,Lyngby,,
207,208,1,3295.3987977509937,3315.300107805997,D4 Defending the Box,Established Play,Pass Infront of Backline,Neutral,"Cross, Shot, Set-Piece or Box Entry",46 - 60 min,Lyngby,,
208,209,1,3333.599375249992,3354.500381082997,O1 Play from the Back,,O1 Goal Kick or Free Kick,Successful,Progress to Next Phase,46 - 60 min,Lyngby,O1 Play from the Back,
209,210,1,3355.2982982920007,3378.5994403750005,O2 Build Up,,O2 Throw-In,Successful,Progress to Next Phase,46 - 60 min,Lyngby,O2 Build Up,
210,211,1,3369.098872416998,3387.2085097510003,D1 Counterpress,,After O2 build-up,Neutral,Establishing Pressing,46 - 60 min,Lyngby,,
211,212,1,3437.746688888889,3461.1883555555555,D3 Middle / Lower Pressing,,D3 Goal Kick or Free Kick,Unsuccessful,"Cross, Shot, Set-Piece or Box Entry",46 - 60 min,Lyngby,,
212,213,1,3445.1883555555555,3464.5992173879945,D4 Defending the Box,Established Play,Through Pass,Neutral,"Cross, Shot, Set-Piece or Box Entry",46 - 60 min,Lyngby,,
213,214,1,3459.898840706997,3482.600028581,O3 Break Through,Established Play,Wide Link Up Play,Unsuccessful,Ball Loss --> D3 Press,46 - 60 min,Lyngby,O3 Break Through,
214,215,1,3467.6990703469974,3479.1997948739995,O1 Play from the Back,,O1 After Regain,Successful,Progress to Next Phase,46 - 60 min,Lyngby,O1 Play from the Back,
215,216,1,3487.199911146999,3501.0998773299934,D3 High Pressing,,,Neutral,Stay In Phase,46 - 60 min,Lyngby,,
216,217,1,3491.4978855809954,3505.298036955995,D2 Finding Balance,,D3 High Press on Opp. Half,Successful,"Intercept. -> Estab. (O1, O2, O3)",46 - 60 min,Lyngby,,
217,218,1,3517.0977168060017,3543.065428348,O2 Build Up,,O2 After Regain,Unsuccessful,Ball Loss --> D4 Defend The Box,46 - 60 min,Lyngby,O2 Build Up,
218,219,1,3533.299029057998,3548.3002289559995,D2 Finding Balance,,After Ball Loss,Unsuccessful,"Cross, Shot, Set-Piece or Box Entry",46 - 60 min,Lyngby,,
219,220,1,3533.3479333333335,3550.199496539995,D4 Defending the Box,Transition,1v1,Successful,Intercepted by Defence,46 - 60 min,Lyngby,,
220,221,1,3533.999369413998,3562.797528748002,O3 Break Through,Transition,After D4 Def. Box,Neutral,Keep The Ball,46 - 60 min,Lyngby,O3 Break Through,
221,222,1,3560.999844541993,3583.7864777777777,O2 Build Up,,O3 to O2,Successful,Progress to Next Phase,46 - 60 min,Lyngby,O2 Build Up,
222,223,1,3564.2934740399965,3594.199529582,O3 Break Through,Established Play,Central Play Infront of Backline,Unsuccessful,Ball Loss --> D3 Press,46 - 60 min,Lyngby,O3 Break Through,
223,224,1,3583.5991608739973,3609.6004037059934,O3 Break Through,Transition,Transition After CP,Neutral,Keep The Ball,46 - 60 min,Lyngby,O3 Break Through,
224,225,1,3585.5003499989957,3602.199963205992,D1 Counterpress,,After O3/O4,Successful,Direct to O3/O4 OFF Transit,46 - 60 min,Lyngby,,
225,226,1,3603.0001540409976,3664.6254222222224,O2 Build Up,,O2 Throw-In,Neutral,Stay In Phase,61 - 75 min,Lyngby,O2 Build Up,
226,227,1,3654.6254222222224,3666.898616704993,D1 Counterpress,,After O2 build-up,Successful,"Intercept. -> Estab. (O1, O2, O3)",61 - 75 min,Lyngby,,
227,228,1,3713.499757260992,3736.3875,O2 Build Up,,O2 Throw-In,Unsuccessful,Ball Loss --> D3 Press,61 - 75 min,Lyngby,O2 Build Up,
228,229,1,3722.5000507229906,3747.6408444444446,O3 Break Through,Transition,Transition After CP,Successful,"Cross, Shot, Set-Piece or Box Entry",61 - 75 min,Lyngby,O3 Break Through,
229,230,1,3726.898722290997,3741.700451305995,D1 Counterpress,,After O2 build-up,Successful,Direct to O3/O4 OFF Transit,61 - 75 min,Lyngby,,
230,231,1,3728.098881705002,3754.7958884089962,O4 Finishing,Established Play,Through Pass,Unsuccessful,Intercepted by Defence,61 - 75 min,Lyngby,O4 Finishing,
231,232,1,3758.1985190769974,3779.3823794639975,D3 Middle / Lower Pressing,,D3 Goal Kick or Free Kick,Successful,Direct to O3/O4 OFF Transit,61 - 75 min,Lyngby,,
232,233,1,3761.500345756994,3788.5978985899956,O3 Break Through,Transition,D3 Win Ball Low/Middle,Neutral,Keep The Ball,61 - 75 min,Lyngby,O3 Break Through,
233,234,1,3796.5989135389973,3820.5991357009993,O3 Break Through,Established Play,Central Play Infront of Backline,Neutral,Keep The Ball,61 - 75 min,Lyngby,O3 Break Through,
234,235,1,3805.1993123139982,3815.800034288002,O2 Build Up,,O2 Free Kick,Successful,Progress to Next Phase,61 - 75 min,Lyngby,O2 Build Up,
235,236,1,3811.099627365997,3824.2952570750017,D1 Counterpress,,After O2 build-up,Successful,"Intercept. -> Estab. (O1, O2, O3)",61 - 75 min,Lyngby,,
236,237,1,3821.4979310669937,3850.9467222222224,O3 Break Through,Established Play,4v4 or Less On Half Pitch,Successful,Lead to O4 chance,61 - 75 min,Lyngby,O3 Break Through,
237,238,1,3822.298540324995,3832.399028533998,O2 Build Up,,O2 After Regain,Neutral,Stay In Phase,61 - 75 min,Lyngby,O2 Build Up,
238,239,1,3830.098711824994,3840.800190107994,O1 Play from the Back,,O2 to O1,Successful,Progress to O3-O4,61 - 75 min,Lyngby,O1 Play from the Back,
239,240,1,3830.9467222222224,3850.9992733889976,O4 Finishing,Established Play,1v1,Successful,Chance,61 - 75 min,Lyngby,O4 Finishing,
240,241,1,3869.6996945109963,3899.5999702430013,O4 Finishing,Corner Kick,Short Variation,Neutral,"Cross, Shot, Set-Piece or Box Entry",61 - 75 min,Lyngby,O4 Finishing,
241,242,1,3889.2026854799965,3900.2026854799965,off corner,,,,,,Lyngby,,
242,243,1,3914.295647522997,3941.5000722849954,O4 Finishing,Corner Kick,Front Area,Unsuccessful,DEF Transition,61 - 75 min,Lyngby,O4 Finishing,
243,244,1,3933.1977267859957,3950.9003175780012,D2 Finding Balance,,After Offensive Set-Piece,Unsuccessful,"Cross, Shot, Set-Piece or Box Entry",61 - 75 min,Lyngby,,
244,245,1,3933.9910555555557,3944.9910555555557,off corner,,,,,,Lyngby,,
245,246,1,3935.299284745002,3960.0964963699967,D4 Defending the Box,Transition,Cutback,Neutral,"Cross, Shot, Set-Piece or Box Entry",61 - 75 min,Lyngby,,
246,247,1,3982.2574,4002.599954288996,D4 Defending the Box,Corner Kick,Central Area,Unsuccessful,Open Chance,61 - 75 min,Lyngby,,
247,248,1,3986.599500539993,4009.599500539993,Goal OPP,,Corner Kick,,,,Lyngby,,
248,249,1,3995.2574,4006.2574,def corner,,,,,,Lyngby,,
249,250,1,4045.5989268330027,4061.480511111111,O2 Build Up,,O2 Free Kick,Neutral,Stay In Phase,61 - 75 min,Lyngby,O2 Build Up,
250,251,1,4051.480511111111,4062.398218777997,D1 Counterpress,,After O2 build-up,Successful,"Intercept. -> Estab. (O1, O2, O3)",61 - 75 min,Lyngby,,
251,252,1,4063.0993009449953,4079.699361374995,O2 Build Up,,O2 Throw-In,Neutral,Stay In Phase,61 - 75 min,Lyngby,O2 Build Up,
252,253,1,4077.2998459989913,4128.000372489992,O1 Play from the Back,,O2 to O1,Unsuccessful,Ball Loss --> D3 Press,61 - 75 min,Lyngby,O1 Play from the Back,
253,254,1,4118.798759113995,4131.801133404998,D1 Counterpress,,After O1 build-up,Successful,"Intercept. -> Estab. (O1, O2, O3)",61 - 75 min,Lyngby,,
254,255,1,4125.000610529996,4190.093333333333,O1 Play from the Back,,O1 After Regain,Successful,Progress to Next Phase,61 - 75 min,Lyngby,O1 Play from the Back,
255,256,1,4191.9972002089935,4212.699837457994,O1 Play from the Back,,O1 Goal Kick or Free Kick,Successful,Progress to Next Phase,61 - 75 min,Lyngby,O1 Play from the Back,
256,257,1,4193.598383415991,4219.400115582996,O3 Break Through,Established Play,Early Through Pass or Cross,Unsuccessful,Ball Loss --> D3 Press,61 - 75 min,Lyngby,O3 Break Through,
257,258,1,4209.799122291001,4227.273088888889,D1 Counterpress,,After O3/O4,Successful,"Intercept. -> Estab. (O1, O2, O3)",61 - 75 min,Lyngby,,
258,259,1,4219.198691791,4243.000034291995,O3 Break Through,Established Play,4v4 or Less On Half Pitch,Unsuccessful,Ball Loss --> D3 Press,61 - 75 min,Lyngby,O3 Break Through,
259,260,1,4227.999248834,4238.499062415998,O1 Play from the Back,,O1 After Regain,Successful,Progress to Next Phase,61 - 75 min,Lyngby,O1 Play from the Back,
260,261,1,4228.027633333333,4250.299330251001,O3 Break Through,Transition,D3 High Press on Opp. Half,Unsuccessful,Ball Loss --> D3 Press,61 - 75 min,Lyngby,O3 Break Through,
261,262,1,4240.9998266669945,4246.799170818995,D3 High Pressing,,After Ball Loss,Successful,Direct to O3/O4 OFF Transit,61 - 75 min,Lyngby,,
262,263,1,4255.200022248993,4275.899842375996,D3 High Pressing,,After Ball Loss,Neutral,Stay In Phase,61 - 75 min,Lyngby,,
263,264,1,4273.600068542001,4296.900222971002,D3 Middle / Lower Pressing,,D3 From High to Med/Low,Successful,Direct to O3/O4 OFF Transit,61 - 75 min,Lyngby,,
264,265,1,4277.699188346998,4306.49723393,O3 Break Through,Transition,D3 Win Ball Low/Middle,Unsuccessful,Ball Loss --> D3 Press,61 - 75 min,Lyngby,O3 Break Through,
265,266,1,4305.433333333333,4317.499486071996,D3 High Pressing,,After Ball Loss,Neutral,Stay In Phase,61 - 75 min,Lyngby,,
266,267,1,4314.999680114992,4352.1990654649935,D3 Middle / Lower Pressing,,D3 Press on Throw-In,Neutral,Stay In Phase,61 - 75 min,Lyngby,,
267,268,1,4349.597356797999,4364.799210206998,D3 High Pressing,,D3 From Low/Med to High,Unsuccessful,D4 Chance,61 - 75 min,Lyngby,,
268,269,1,4355.299749999,4367.895441805996,D2 Finding Balance,,D3 High Press on Opp. Half,Unsuccessful,D4 Chance,61 - 75 min,Lyngby,,
269,270,1,4355.453333333333,4375.082144444445,D4 Defending the Box,Established Play,Through Pass,Unsuccessful,Open Chance,,Lyngby,,
270,271,1,4410.298046206998,4429.200263820002,O1 Play from the Back,,O1 Goal Kick or Free Kick,Unsuccessful,Ball Loss --> D3 Press,61 - 75 min,Lyngby,O1 Play from the Back,
271,272,1,4432.199818459997,4463.299906789996,D3 Middle / Lower Pressing,,D3 Goal Kick or Free Kick,Successful,"Intercept. -> Estab. (O1, O2, O3)",61 - 75 min,Lyngby,,
272,273,1,4480.900293221993,4502.800188815001,O1 Play from the Back,,O1 Goal Kick or Free Kick,Successful,Progress to Next Phase,61 - 75 min,Lyngby,O1 Play from the Back,
273,274,1,4502.999456815996,4537.909322222222,O2 Build Up,,O2 Throw-In,Successful,Progress to Next Phase,76 - 90 min,Lyngby,O2 Build Up,
274,275,1,4517.909322222222,4542.999898114997,O3 Break Through,Established Play,Early Through Pass or Cross,Successful,"Cross, Shot, Set-Piece or Box Entry",76 - 90 min,Lyngby,O3 Break Through,
275,276,1,4542.299285949997,4567.197218438994,O3 Break Through,Established Play,Early Through Pass or Cross,Unsuccessful,Ball Loss --> D3 Press,76 - 90 min,Lyngby,O3 Break Through,
276,277,1,4544.199565112993,4561.595831074993,O2 Build Up,,O2 Throw-In,Successful,Progress to Next Phase,76 - 90 min,Lyngby,O2 Build Up,
277,278,1,4571.2933555555555,4587.79881970699,D3 High Pressing,,After Ball Loss,Neutral,Stay In Phase,76 - 90 min,Lyngby,,
278,279,1,4585.396124415997,4604.198542641998,D3 Middle / Lower Pressing,,D3 From High to Med/Low,Successful,"Intercept. -> Estab. (O1, O2, O3)",76 - 90 min,Lyngby,,
279,280,1,4673.099588883,4698.626377777778,O2 Build Up,,O2 Free Kick,Neutral,Stay In Phase,76 - 90 min,Lyngby,O2 Build Up,
280,281,1,4696.099680579,4707.999526303996,O1 Play from the Back,,O2 to O1,Neutral,Stay In Phase,76 - 90 min,Lyngby,O1 Play from the Back,
281,282,1,4709.98664,4740.200005846999,O2 Build Up,,O2 Free Kick,Neutral,Stay In Phase,76 - 90 min,Lyngby,O2 Build Up,
282,283,1,4728.699442998999,4752.299931874,O4 Finishing,Transition,Transition After CP,Successful,Open Chance,76 - 90 min,Lyngby,O4 Finishing,True
283,284,1,4735.198159583,4758.198159583,Goal FCN,,Transition,,,,Lyngby,,True
284,285,1,4737.798713804999,4747.622477777778,O1 Play from the Back,,O2 to O1,Successful,Progress to O3-O4,76 - 90 min,Lyngby,O1 Play from the Back,
285,286,1,4821.439844444444,4837.259388888889,D3 Middle / Lower Pressing,,D3 Goal Kick or Free Kick,Successful,"Intercept. -> Estab. (O1, O2, O3)",76 - 90 min,Lyngby,,
286,287,1,4836.199189539999,4849.796488888889,O2 Build Up,,O2 After Regain,Neutral,Stay In Phase,76 - 90 min,Lyngby,O2 Build Up,
287,288,1,4844.917,4868.512788888889,O3 Break Through,Established Play,4v4 or Less On Half Pitch,Successful,Lead to O4 chance,76 - 90 min,Lyngby,O3 Break Through,
288,289,1,4846.796488888889,4864.917,O1 Play from the Back,,O2 to O1,Successful,Progress to O3-O4,76 - 90 min,Lyngby,O1 Play from the Back,
289,290,1,4848.512788888889,4871.697672829999,O4 Finishing,Established Play,Square Pass,Successful,Chance,76 - 90 min,Lyngby,O4 Finishing,
290,291,1,4854.392271211999,4883.495608331999,O3 Break Through,Established Play,1v1 Wide / Halfspace,Unsuccessful,Ball Loss --> D3 Press,76 - 90 min,Lyngby,O3 Break Through,
291,292,1,4868.195655555555,4887.697987786999,D1 Counterpress,,After O3/O4,Neutral,Establishing Pressing,76 - 90 min,Lyngby,,
292,293,1,4952.088333333333,4964.499850791001,D3 Middle / Lower Pressing,,,Neutral,Stay In Phase,76 - 90 min,Lyngby,,
293,294,1,4959.965,4987.097700041,O3 Break Through,Transition,D3 Win Ball Low/Middle,Unsuccessful,Ball Loss --> D4 Defend The Box,76 - 90 min,Lyngby,O3 Break Through,
294,295,1,4961.6033333333335,4981.195977791,D4 Defending the Box,Established Play,Chipball,Successful,Intercepted by Defence,76 - 90 min,Lyngby,,
295,296,1,4964.233133333333,4977.6033333333335,D3 Middle / Lower Pressing,,D3 Press on Throw-In,Unsuccessful,"Cross, Shot, Set-Piece or Box Entry",76 - 90 min,Lyngby,,
296,297,1,4973.791766666666,4997.399915666,D4 Defending the Box,Transition,Chipball,Neutral,"Cross, Shot, Set-Piece or Box Entry",76 - 90 min,Lyngby,,
297,298,1,4995.396412207999,5025.598860623998,D4 Defending the Box,Throw In,Long Throw,Unsuccessful,Chance,76 - 90 min,Lyngby,,
298,299,1,5029.365722222222,5061.498387639,O3 Break Through,Established Play,4v4 or Less On Half Pitch,Neutral,Keep The Ball,76 - 90 min,Lyngby,O3 Break Through,
299,300,1,5034.899660208001,5049.365722222222,O1 Play from the Back,,,Successful,Progress to O3-O4,76 - 90 min,Lyngby,O1 Play from the Back,
300,301,1,5057.399194555,5076.368522222222,O2 Build Up,,O3 to O2,Neutral,Stay In Phase,76 - 90 min,Lyngby,O2 Build Up,
301,302,1,5073.368522222222,5088.698930345999,O1 Play from the Back,,O2 to O1,Successful,Progress to Next Phase,76 - 90 min,Lyngby,O1 Play from the Back,
302,303,1,5093.198476625,5113.792377777778,O2 Build Up,,O2 Throw-In,Successful,Progress to Next Phase,76 - 90 min,Lyngby,O2 Build Up,
303,304,1,5093.792377777778,5140.072055555555,O3 Break Through,Established Play,Wide Link Up Play,Neutral,Keep The Ball,76 - 90 min,Lyngby,O3 Break Through,
304,305,1,5135.072055555555,5163.518266666667,O2 Build Up,,O3 to O2,Neutral,Stay In Phase,76 - 90 min,Lyngby,O2 Build Up,
305,306,1,5157.3925468180005,5181.599261274998,O3 Break Through,Established Play,4v4 or Less On Half Pitch,Successful,"Cross, Shot, Set-Piece or Box Entry",76 - 90 min,Lyngby,O3 Break Through,
306,307,1,5160.518266666667,5176.199656567999,O1 Play from the Back,,O2 to O1,Successful,Progress to O3-O4,76 - 90 min,Lyngby,O1 Play from the Back,
307,308,1,5162.4991826919995,5188.697779744,O4 Finishing,Established Play,Chipball,Neutral,"Cross, Shot, Set-Piece or Box Entry",76 - 90 min,Lyngby,O4 Finishing,
308,309,1,5175.098022187998,5195.398858770999,D2 Finding Balance,,After Ball Loss,Successful,"Intercept. -> Estab. (O1, O2, O3)",76 - 90 min,Lyngby,,
309,310,1,5218.299351234999,5235.8416777777775,O2 Build Up,,O2 Free Kick,Successful,Progress to Next Phase,76 - 90 min,Lyngby,O2 Build Up,
310,311,1,5223.763866666666,5247.930833333333,O3 Break Through,Transition,Transition After CP,Successful,Lead to O4 chance,76 - 90 min,Lyngby,O3 Break Through,
311,312,1,5225.8416777777775,5242.998563068997,D1 Counterpress,,After O2 build-up,Successful,Direct to O3/O4 OFF Transit,76 - 90 min,Lyngby,,
312,313,1,5227.930833333333,5250.3988119999985,O4 Finishing,Transition,Cutback,Successful,Chance,76 - 90 min,Lyngby,O4 Finishing,
313,314,1,5234.1939555555555,5259.098028681,O3 Break Through,Established Play,Wide Link Up Play,Neutral,Keep The Ball,76 - 90 min,Lyngby,O3 Break Through,
314,315,1,5239.685177777777,5264.099100777,O4 Finishing,Established Play,1v1,Neutral,"Cross, Shot, Set-Piece or Box Entry",76 - 90 min,Lyngby,O4 Finishing,
315,316,1,5268.396846291998,5309.796012706999,D3 Middle / Lower Pressing,,D3 Goal Kick or Free Kick,Successful,"Intercept. -> Estab. (O1, O2, O3)",76 - 90 min,Lyngby,,
316,317,1,5365.097050949999,5382.53556,O1 Play from the Back,,O1 Goal Kick or Free Kick,Unsuccessful,Ball Loss --> D3 Press,76 - 90 min,Lyngby,O1 Play from the Back,
317,318,1,5372.53556,5389.699459666999,D1 Counterpress,,After O2 build-up,Neutral,Establishing Pressing,76 - 90 min,Lyngby,,
318,319,1,5397.3415888888885,5409.1884666666665,D3 Middle / Lower Pressing,,D3 Press on Throw-In,Unsuccessful,"Cross, Shot, Set-Piece or Box Entry",76 - 90 min,Lyngby,,
319,320,1,5420.399200112998,5449.398943547,D4 Defending the Box,Lateral Free Kick,Back Area,Neutral,"Cross, Shot, Set-Piece or Box Entry",76 - 90 min,Lyngby,,
320,321,1,5488.299349044999,5501.940877777778,O1 Play from the Back,,O1 Goal Kick or Free Kick,Successful,Progress to Next Phase,76 - 90 min,Lyngby,O1 Play from the Back,
321,322,1,5491.747,5517.498664731999,O4 Finishing,Transition,Through Pass,Successful,Chance,76 - 90 min,Lyngby,O4 Finishing,
322,323,1,5491.874755555556,5511.747,O3 Break Through,Transition,Transition After CP,Successful,Lead to O4 chance,76 - 90 min,Lyngby,O3 Break Through,
323,324,1,5501.747,5511.747,D1 Counterpress,,After O3/O4,Successful,Direct to O3/O4 OFF Transit,76 - 90 min,Lyngby,,
324,325,1,5507.198482701999,5527.698065902998,D1 Counterpress,,After O3/O4,Neutral,Establishing Pressing,76 - 90 min,Lyngby,,
325,326,1,5508.366222222222,5513.99925304,O1 Play from the Back,,O2 to O1,Successful,Progress to O3-O4,76 - 90 min,Lyngby,O1 Play from the Back,
326,327,1,5566.698611357,5595.798166814,D4 Defending the Box,Established Play,Chipball,Neutral,"Cross, Shot, Set-Piece or Box Entry",76 - 90 min,Lyngby,,
327,328,1,5568.669988888889,5581.498908856,D3 Middle / Lower Pressing,,D3 Goal Kick or Free Kick,Neutral,Stay In Phase,76 - 90 min,Lyngby,,
328,329,1,5580.191744444444,5604.199919294999,D4 Defending the Box,Established Play,Chipball,Successful,OFF Transition,76 - 90 min,Lyngby,,
329,330,1,5584.900146711999,5609.789788128,O3 Break Through,Transition,After D4 Def. Box,Neutral,Keep The Ball,76 - 90 min,Lyngby,O3 Break Through,
330,331,1,5625.199286956998,5639.1129,O2 Build Up,,O2 Throw-In,Unsuccessful,Ball Loss --> D3 Press,76 - 90 min,Lyngby,O2 Build Up,
331,332,1,5629.294839406,5648.200047094,D1 Counterpress,,After O2 build-up,Successful,"Intercept. -> Estab. (O1, O2, O3)",76 - 90 min,Lyngby,,
332,333,1,5730.500299864999,5743.899366459001,O1 Play from the Back,,,Unsuccessful,Ball Loss --> D3 Press,76 - 90 min,Lyngby,O1 Play from the Back,
333,334,1,5734.497312207999,5750.028088888889,D1 Counterpress,,,Neutral,Establishing Pressing,76 - 90 min,Lyngby,,
334,335,1,5740.299628276,5770.2358,D2 Finding Balance,,,Successful,"Intercept. -> Estab. (O1, O2, O3)",76 - 90 min,Lyngby,,
