,code_id,period_id,timestamp,end_timestamp,code,Half,Opponent,00. Start Phase,02. Situation Type,03. Outcomes,04. Rating,Time Period,01. Phase,<flag>New Flag
0,1,1,0.0,2869.1432608964956,KO,2nd Half,AaB,,,,,,,
1,2,1,0.0020823685542730166,14.748164215248284,O2 Build Up,1st Half,AaB,O2 Build Up,O2 Free Kick,Ball Loss --> D3 Press,Unsuccessful,0 - 15 min,,
2,3,1,18.94186932691493,51.60970822224819,D3 High Pressing,1st Half,AaB,,D3 Press on Throw-In,"Cross, Shot, Set-Piece or Box Entry",Unsuccessful,0 - 15 min,,
3,4,1,33.55042389524831,59.707743981914994,D4 Defending the Box,1st Half,AaB,,Square Pass,"Cross, Shot, Set-Piece or Box Entry",Neutral,0 - 15 min,Established Play,
4,5,1,63.71999288758163,87.86521871258165,D4 Defending the Box,1st Half,AaB,,Square Pass,Intercepted by Defence,Successful,0 - 15 min,Transition,
5,6,1,64.18724628891472,80.32563759791493,O1 Play from the Back,1st Half,AaB,O1 Play from the Back,O1 Goal Kick or Free Kick,Ball Loss --> D4 Defend The Box,Unsuccessful,0 - 15 min,,
6,7,1,75.31733406691468,107.89894133458166,O3 Break Through,1st Half,AaB,O3 Break Through,Central Play Infront of Backline,"Cross, Shot, Set-Piece or Box Entry",Successful,0 - 15 min,Established Play,
7,8,1,79.10155607413317,108.59601111111112,Bench,,AaB,,,,,0 - 15 min,,True
8,9,1,80.64162222222222,87.29910947099914,O1 Play from the Back,,AaB,O1 Play from the Back,O1 After Regain,Progress to Next Phase,Successful,0 - 15 min,,
9,10,1,88.6645114705815,114.29615120524831,O4 Finishing,1st Half,AaB,O4 Finishing,Pass Infront of Backline,"Cross, Shot, Set-Piece or Box Entry",Neutral,0 - 15 min,Established Play,
10,11,1,116.69939015658157,135.32404499058157,D3 High Pressing,1st Half,AaB,,D3 Goal Kick or Free Kick,"Intercept. -> Estab. (O1, O2, O3)",Successful,0 - 15 min,,
11,12,1,139.1383713395816,185.57185024658136,O2 Build Up,1st Half,AaB,O2 Build Up,O2 After Regain,Progress to Next Phase,Successful,0 - 15 min,,
12,13,1,166.7226615239148,190.9947024372481,O3 Break Through,1st Half,AaB,O3 Break Through,,Ball Loss --> D3 Press,Unsuccessful,0 - 15 min,Established Play,
13,14,1,183.11352222222223,202.40664444444445,D4 Defending the Box,,AaB,,Square Pass,Intercepted by Defence,Successful,0 - 15 min,Transition,
14,15,1,187.2295420978374,201.97525228625037,D2 Finding Balance,1st Half,AaB,,After Ball Loss,"Intercept. -> Estab. (O1, O2, O3)",Successful,0 - 15 min,,True
15,16,1,196.37091527158148,224.74490662591487,O3 Break Through,1st Half,AaB,O3 Break Through,1v1 Wide / Halfspace,"Cross, Shot, Set-Piece or Box Entry",Successful,0 - 15 min,Established Play,
16,17,1,202.72593191324816,215.57268097458146,O2 Build Up,1st Half,AaB,O2 Build Up,O2 After Regain,Progress to Next Phase,Successful,0 - 15 min,,
17,18,1,206.37417398024823,232.85582158624825,O4 Finishing,1st Half,AaB,O4 Finishing,Chipball,"Cross, Shot, Set-Piece or Box Entry",Neutral,0 - 15 min,Established Play,
18,19,1,236.01801077258156,248.1141039175815,D3 High Pressing,1st Half,AaB,,D3 Goal Kick or Free Kick,Stay In Phase,Neutral,0 - 15 min,,
19,20,1,250.5109189552483,288.55940452491484,D3 Middle / Lower Pressing,1st Half,AaB,,D3 Press on Throw-In,Stay In Phase,Neutral,0 - 15 min,,
20,21,1,299.4220666666667,317.3998023319985,O1 Play from the Back,,AaB,O1 Play from the Back,O1 Throw-In,Progress to Next Phase,Successful,0 - 15 min,,
21,22,1,308.2702320605815,335.64496225391497,O3 Break Through,1st Half,AaB,O3 Break Through,1v1 Wide / Halfspace,"Cross, Shot, Set-Piece or Box Entry",Successful,0 - 15 min,Established Play,
22,23,1,315.0245335232481,318.03431665358164,D1 Counterpress,1st Half,AaB,,After O2 build-up,"Intercept. -> Estab. (O1, O2, O3)",Successful,0 - 15 min,,
23,24,1,316.3984888888889,336.3984888888889,Ndividual,,AaB,,,,,,,
24,25,1,316.64353294091495,339.3826916889151,O4 Finishing,1st Half,AaB,O4 Finishing,Square Pass,"Cross, Shot, Set-Piece or Box Entry",Neutral,0 - 15 min,Established Play,True
25,26,1,319.03265138691484,327.13543566024816,O2 Build Up,1st Half,AaB,O2 Build Up,O2 After Regain,Progress to Next Phase,Successful,0 - 15 min,,
26,27,1,337.5931536329148,381.3066169215816,O4 Finishing,1st Half,AaB,O4 Finishing,Back Area,Intercepted by Defence,Unsuccessful,0 - 15 min,Corner Kick,
27,28,1,359.42378521571504,391.54411755486757,off corner,1st Half,AaB,,,,,,,True
28,29,1,384.5173116822481,408.4522656915815,D3 High Pressing,1st Half,AaB,,D3 Goal Kick or Free Kick,"Cross, Shot, Set-Piece or Box Entry",Unsuccessful,0 - 15 min,,
29,30,1,388.3996714590002,404.9655905689987,D2 Finding Balance,,AaB,,D3 High Press on Opp. Half,"Cross, Shot, Set-Piece or Box Entry",Unsuccessful,0 - 15 min,,
30,31,1,413.3515107282483,470.92668935158144,D4 Defending the Box,1st Half,AaB,,Short Variation,"Cross, Shot, Set-Piece or Box Entry",Neutral,0 - 15 min,Lateral Free Kick,
31,32,1,452.4651276130182,469.8275779210841,def free kick,1st Half,AaB,,Short Variation,,,,,
32,33,1,473.91419708191484,489.6722036255817,D3 Middle / Lower Pressing,1st Half,AaB,,D3 Press on Throw-In,"Intercept. -> Estab. (O1, O2, O3)",Successful,0 - 15 min,,
33,34,1,490.67888002491486,515.6730104795814,O2 Build Up,1st Half,AaB,O2 Build Up,O2 Free Kick,Ball Loss --> D4 Defend The Box,Unsuccessful,0 - 15 min,,
34,35,1,502.59000000000003,519.872,D2 Finding Balance,,AaB,,After Ball Loss,D4 Chance,Unsuccessful,0 - 15 min,,
35,36,1,507.20714764424815,530.9199333909148,D4 Defending the Box,1st Half,AaB,,1v1,Chance,Unsuccessful,0 - 15 min,Transition,True
36,37,1,520.499968666,538.8990495959986,O1 Play from the Back,,AaB,O1 Play from the Back,O1 After Regain,Ball Loss --> D3 Press,Unsuccessful,0 - 15 min,,
37,38,1,536.7900163022482,564.609034361915,D3 Middle / Lower Pressing,1st Half,AaB,,D3 Press on Throw-In,Stay In Phase,Neutral,0 - 15 min,,
38,39,1,579.0785647179149,610.9892204709146,D3 Middle / Lower Pressing,1st Half,AaB,,D3 Goal Kick or Free Kick,"Intercept. -> Estab. (O1, O2, O3)",Successful,0 - 15 min,,
39,40,1,579.5517884022443,639.5835333333332,Bench,,AaB,,,,,0 - 15 min,,True
40,41,1,594.6012444444444,614.6012444444444,Ndividual,,AaB,,,,,,,
41,42,1,612.1072905535815,622.7197167329151,O2 Build Up,1st Half,AaB,O2 Build Up,O2 After Regain,Stay In Phase,Neutral,0 - 15 min,,
42,43,1,614.855836372537,625.8349920955815,O1 Play from the Back,1st Half,AaB,O1 Play from the Back,O2 to O1,Progress to Next Phase,Successful,0 - 15 min,,
43,44,1,626.7532804002484,631.4011773569147,O2 Build Up,1st Half,AaB,O2 Build Up,O1 to O2,Stay In Phase,Neutral,0 - 15 min,,
44,45,1,633.0715734175818,653.6490353179148,O2 Build Up,1st Half,AaB,O2 Build Up,O2 Free Kick,Stay In Phase,Neutral,0 - 15 min,,
45,46,1,645.515,675.515,Bench,,AaB,,,,,0 - 15 min,,True
46,47,1,645.9550506552483,675.6720237855815,O3 Break Through,1st Half,AaB,O3 Break Through,Early Through Pass or Cross,"Cross, Shot, Set-Piece or Box Entry",Successful,0 - 15 min,Established Play,
47,48,1,654.3917363875815,662.6957431249149,O1 Play from the Back,1st Half,AaB,O1 Play from the Back,O2 to O1,Progress to Next Phase,Successful,0 - 15 min,,
48,49,1,656.5342348682481,681.6698268662482,O4 Finishing,1st Half,AaB,O4 Finishing,Square Pass,"Cross, Shot, Set-Piece or Box Entry",Neutral,0 - 15 min,Established Play,
49,50,1,663.5515796225815,665.9550506552483,O2 Build Up,1st Half,AaB,O2 Build Up,,,,0 - 15 min,,
50,51,1,664.3531601585815,693.5591803072485,O3 Break Through,1st Half,AaB,O3 Break Through,Short Throw-In,Keep The Ball,Neutral,0 - 15 min,Throw In,
51,52,1,694.2855318175815,703.1108787685818,O2 Build Up,1st Half,AaB,O2 Build Up,O3 to O2,Ball Loss --> D3 Press,Unsuccessful,0 - 15 min,,
52,53,1,705.3625037005817,710.765351786915,D1 Counterpress,1st Half,AaB,,After O2 build-up,"Intercept. -> Estab. (O1, O2, O3)",Successful,0 - 15 min,,
53,54,1,712.2340912555816,759.897625432248,O2 Build Up,1st Half,AaB,O2 Build Up,O2 After Regain,Progress to Next Phase,Neutral,0 - 15 min,,
54,55,1,741.4708562159148,773.2083523275816,O3 Break Through,1st Half,AaB,O3 Break Through,Central Play Infront of Backline,Ball Loss --> D3 Press,Unsuccessful,0 - 15 min,Established Play,True
55,56,1,775.8041267205814,779.9011095272482,D1 Counterpress,1st Half,AaB,,After O3/O4,Direct to O3/O4 OFF Transit,Successful,0 - 15 min,,
56,57,1,849.8392649555816,888.3050724185815,O2 Build Up,1st Half,AaB,O2 Build Up,O2 Free Kick,Progress to O4,Successful,0 - 15 min,,
57,58,1,872.7526298572483,896.4340956065815,O3 Break Through,1st Half,AaB,O3 Break Through,Central Play Infront of Backline,Keep The Ball,Neutral,0 - 15 min,Established Play,
58,59,1,898.2117064979151,908.5489940445815,O2 Build Up,1st Half,AaB,O2 Build Up,O2 Throw-In,Ball Loss --> D3 Press,Unsuccessful,0 - 15 min,,True
59,60,1,909.0851,917.2988630549999,D3 High Pressing,,AaB,,D3 Press on Throw-In,"Intercept. -> Estab. (O1, O2, O3)",Successful,16 - 30 min,,
60,61,1,920.4163693029146,936.2654406049147,O2 Build Up,1st Half,AaB,O2 Build Up,O2 Throw-In,Progress to Next Phase,Successful,16 - 30 min,,
61,62,1,926.3824745148336,946.2295313045813,O3 Break Through,1st Half,AaB,O3 Break Through,1v1 Wide / Halfspace,"Cross, Shot, Set-Piece or Box Entry",Successful,16 - 30 min,Established Play,
62,63,1,927.1080916429152,950.1913234552479,O4 Finishing,1st Half,AaB,O4 Finishing,Square Pass,"Cross, Shot, Set-Piece or Box Entry",Neutral,16 - 30 min,Established Play,
63,64,1,951.5649812505816,984.4517332132481,O2 Build Up,1st Half,AaB,O2 Build Up,O2 Throw-In,Progress to Next Phase,Successful,16 - 30 min,,
64,65,1,965.5066226702478,994.0789443925813,O3 Break Through,1st Half,AaB,O3 Break Through,Central Play Infront of Backline,Keep The Ball,Neutral,16 - 30 min,Established Play,
65,66,1,970.8906666666667,990.8906666666667,Ndividual,,AaB,,,,,,,True
66,67,1,979.998787373999,996.7971962079986,D1 Counterpress,,AaB,,After O3/O4,"Intercept. -> Estab. (O1, O2, O3)",Successful,16 - 30 min,,
67,68,1,996.9149955932479,1014.4214276009146,O2 Build Up,1st Half,AaB,O2 Build Up,O3 to O2,Ball Loss --> D3 Press,Unsuccessful,16 - 30 min,,
68,69,1,1022.3395015969148,1030.256595855582,D3 High Pressing,1st Half,AaB,,D3 Goal Kick or Free Kick,"Intercept. -> Estab. (O1, O2, O3)",Successful,16 - 30 min,,True
69,70,1,1029.7838875877362,1039.4517427232486,O3 Break Through,1st Half,AaB,O3 Break Through,Quick Restart,Ball Loss --> D3 Press,Unsuccessful,16 - 30 min,Throw In,
70,71,1,1040.3831417632482,1044.704022369915,D1 Counterpress,1st Half,AaB,,After O3/O4,Establishing Pressing,Neutral,16 - 30 min,,
71,72,1,1050.1583536665817,1063.8413838725814,D3 High Pressing,1st Half,AaB,,D3 Goal Kick or Free Kick,"Intercept. -> Estab. (O1, O2, O3)",Successful,16 - 30 min,,
72,73,1,1064.4147985473064,1080.0216871812481,O3 Break Through,1st Half,AaB,O3 Break Through,Quick Restart,Keep The Ball,Neutral,16 - 30 min,Throw In,
73,74,1,1080.7082879112486,1091.0611172739154,O2 Build Up,1st Half,AaB,O2 Build Up,O3 to O2,Stay In Phase,Neutral,16 - 30 min,,
74,75,1,1091.9155183282483,1098.9456908779152,O1 Play from the Back,1st Half,AaB,O1 Play from the Back,O2 to O1,Progress to Next Phase,Successful,16 - 30 min,,
75,76,1,1099.7686605949148,1109.7040832489151,O2 Build Up,1st Half,AaB,O2 Build Up,O2 Free Kick,Ball Loss --> D3 Press,Unsuccessful,16 - 30 min,,
76,77,1,1122.4400411699148,1136.3775909045817,D3 High Pressing,1st Half,AaB,,D3 Goal Kick or Free Kick,"Intercept. -> Estab. (O1, O2, O3)",Successful,16 - 30 min,,
77,78,1,1135.9855218572484,1160.8089008119146,O3 Break Through,1st Half,AaB,O3 Break Through,Quick Restart,Ball Loss --> D3 Press,Unsuccessful,16 - 30 min,Throw In,
78,79,1,1137.4315423842486,1148.939276870915,O2 Build Up,1st Half,AaB,O2 Build Up,O2 After Regain,Progress to Next Phase,Successful,16 - 30 min,,
79,80,1,1166.0145008452487,1187.6473803549152,D3 High Pressing,1st Half,AaB,,D3 Goal Kick or Free Kick,"Intercept. -> Estab. (O1, O2, O3)",Successful,16 - 30 min,,True
80,81,1,1188.5581756859146,1227.5611596079148,O2 Build Up,1st Half,AaB,O2 Build Up,O2 After Regain,Progress to Next Phase,Successful,16 - 30 min,,
81,82,1,1208.5513958502488,1238.107524507462,O3 Break Through,1st Half,AaB,O3 Break Through,Early Through Pass or Cross,Ball Loss --> D3 Press,Unsuccessful,16 - 30 min,Established Play,
82,83,1,1215.5496777777778,1238.7852128040008,O4 Finishing,,AaB,O4 Finishing,Cutback,Chance,Successful,16 - 30 min,Established Play,
83,84,1,1224.5484187069521,1280.171710657475,Bench,,AaB,,,,,16 - 30 min,,True
84,85,1,1248.7429553131917,1255.362122578649,Ndividual,,AaB,,,,,,,True
85,86,1,1282.4752324815818,1287.9675077882484,D3 High Pressing,1st Half,AaB,,D3 Goal Kick or Free Kick,"Intercept. -> Estab. (O1, O2, O3)",Successful,16 - 30 min,,
86,87,1,1289.045546666915,1296.6032957652483,O2 Build Up,1st Half,AaB,O2 Build Up,O2 After Regain,Stay In Phase,Neutral,16 - 30 min,,
87,88,1,1294.843176574915,1318.0381457235817,O3 Break Through,1st Half,AaB,O3 Break Through,,,,16 - 30 min,,
88,89,1,1297.8568765515815,1301.019875216582,O1 Play from the Back,1st Half,AaB,O1 Play from the Back,O2 to O1,Progress to Next Phase,Successful,16 - 30 min,,
89,90,1,1302.0179883365818,1313.7942711515816,O2 Build Up,1st Half,AaB,O2 Build Up,O1 to O2,Progress to Next Phase,Successful,16 - 30 min,,
90,91,1,1318.0381457235817,1351.1192875115817,O2 Build Up,1st Half,AaB,O2 Build Up,O2 Throw-In,Progress to Next Phase,Successful,16 - 30 min,,
91,92,1,1327.9390787381908,1353.2602888888891,Ndividual,,AaB,,,,,,,True
92,93,1,1331.9259904015812,1359.1040593409148,O3 Break Through,1st Half,AaB,O3 Break Through,,Keep The Ball,Neutral,16 - 30 min,Established Play,
93,94,1,1345.182009643915,1373.7198568975814,O3 Break Through,1st Half,AaB,O3 Break Through,1v1 Wide / Halfspace,Ball Loss --> D3 Press,Unsuccessful,16 - 30 min,Established Play,True
94,95,1,1359.9673623842482,1363.8325491589148,O2 Build Up,1st Half,AaB,O2 Build Up,O3 to O2,Progress to Next Phase,Successful,16 - 30 min,,
95,96,1,1368.3978759159997,1397.3000682499987,O3 Break Through,,AaB,O3 Break Through,Central Play Infront of Backline,"Cross, Shot, Set-Piece or Box Entry",Successful,16 - 30 min,Established Play,
96,97,1,1376.347288888889,1399.9974414149974,O4 Finishing,,AaB,O4 Finishing,Through Pass,Intercepted by Defence,Unsuccessful,16 - 30 min,Established Play,
97,98,1,1380.2166524015815,1392.4329342955816,O2 Build Up,1st Half,AaB,O2 Build Up,O2 Throw-In,Progress to Next Phase,Successful,16 - 30 min,,
98,99,1,1399.8124414869144,1406.026002634248,D1 Counterpress,1st Half,AaB,,After O3/O4,"Intercept. -> Estab. (O1, O2, O3)",Successful,16 - 30 min,,
99,100,1,1407.2968294612483,1429.8976467469147,O2 Build Up,1st Half,AaB,O2 Build Up,O2 After Regain,Stay In Phase,Neutral,16 - 30 min,,
100,101,1,1430.696712870582,1437.1052528655819,O1 Play from the Back,1st Half,AaB,O1 Play from the Back,O2 to O1,Progress to Next Phase,Successful,16 - 30 min,,
101,102,1,1438.2399409549153,1451.3654608925817,O2 Build Up,1st Half,AaB,O2 Build Up,O1 to O2,Stay In Phase,Neutral,16 - 30 min,,
102,103,1,1462.131428830915,1488.9042875775817,O3 Break Through,1st Half,AaB,O3 Break Through,Wide Link Up Play,"Cross, Shot, Set-Piece or Box Entry",Successful,16 - 30 min,Established Play,
103,104,1,1463.8039630162484,1481.405216789582,O2 Build Up,1st Half,AaB,O2 Build Up,O2 Throw-In,Progress to Next Phase,Successful,16 - 30 min,,
104,105,1,1498.4188813579153,1533.8085213535815,O4 Finishing,1st Half,AaB,O4 Finishing,Front Area,Intercepted by Defence,Unsuccessful,16 - 30 min,Corner Kick,
105,106,1,1518.9999313322483,1532.2622184722247,off corner,1st Half,AaB,,,,,,,
106,107,1,1552.1087398709549,1569.2465384225188,Bench,,AaB,,,,,16 - 30 min,,
107,108,1,1626.9886696452481,1642.4640826149148,D3 High Pressing,1st Half,AaB,,D3 Goal Kick or Free Kick,"Intercept. -> Estab. (O1, O2, O3)",Successful,16 - 30 min,,
108,109,1,1643.9742719699148,1653.9414488322482,O2 Build Up,1st Half,AaB,O2 Build Up,O2 After Regain,Ball Loss --> D3 Press,Unsuccessful,16 - 30 min,,
109,110,1,1655.7408353042483,1658.3452205605813,D1 Counterpress,1st Half,AaB,,After O3/O4,"Intercept. -> Estab. (O1, O2, O3)",Successful,16 - 30 min,,
110,111,1,1657.2074373749151,1711.3963084465818,O3 Break Through,1st Half,AaB,O3 Break Through,,Keep The Ball,Neutral,16 - 30 min,Established Play,
111,112,1,1658.1952333333334,1678.1952333333334,Ndividual,,AaB,,,,,,,True
112,113,1,1659.144163601915,1676.4966725099148,O2 Build Up,1st Half,AaB,O2 Build Up,O2 After Regain,Progress to Next Phase,Successful,16 - 30 min,,
113,114,1,1676.1531,1696.1531,Ndividual,,AaB,,,,,,,True
114,115,1,1693.5484222222221,1713.5484222222221,Ndividual,,AaB,,,,,,,True
115,116,1,1712.171699509248,1738.2679789032481,O2 Build Up,1st Half,AaB,O2 Build Up,O2 After Regain,Stay In Phase,Neutral,16 - 30 min,,
116,117,1,1739.5223932802483,1771.8607073362482,O2 Build Up,1st Half,AaB,O2 Build Up,O2 Free Kick,Progress to Next Phase,Successful,16 - 30 min,,
117,118,1,1752.7478674272484,1788.525194606248,O3 Break Through,1st Half,AaB,O3 Break Through,Early Through Pass or Cross,Ball Loss --> D3 Press,Unsuccessful,16 - 30 min,Established Play,
118,119,1,1759.6882444444445,1779.6882444444445,Ndividual,,AaB,,,,,,,True
119,120,1,1789.9083366935815,1805.8940103222485,D3 High Pressing,1st Half,AaB,,D3 Goal Kick or Free Kick,Stay In Phase,Neutral,16 - 30 min,,True
120,121,1,1821.0927684045819,1823.902851912248,D3 High Pressing,1st Half,AaB,,D3 Press on Throw-In,"Intercept. -> Estab. (O1, O2, O3)",Successful,31 - 45 min,,
121,122,1,1824.9659642605816,1831.7821720339148,O2 Build Up,1st Half,AaB,O2 Build Up,O2 After Regain,Progress to Next Phase,Successful,31 - 45 min,,
122,123,1,1825.0593627156127,1838.9957884635812,O3 Break Through,1st Half,AaB,O3 Break Through,1v1 Wide / Halfspace,Ball Loss --> D3 Press,Unsuccessful,31 - 45 min,Established Play,True
123,124,1,1840.0502175052484,1844.2195551919149,D1 Counterpress,1st Half,AaB,,After O3/O4,Establishing Pressing,Neutral,31 - 45 min,,
124,125,1,1847.0139989479148,1858.7951723195815,D3 High Pressing,1st Half,AaB,,D3 Press on Throw-In,"Intercept. -> Estab. (O1, O2, O3)",Successful,31 - 45 min,,
125,126,1,1862.8604323575814,1890.1244213219147,O2 Build Up,1st Half,AaB,O2 Build Up,O2 Throw-In,Ball Loss --> D3 Press,Unsuccessful,31 - 45 min,,
126,127,1,1871.41716,1891.41716,Ndividual,,AaB,,,,,,,True
127,128,1,1897.7522501262483,1913.6926127495817,D3 High Pressing,1st Half,AaB,,D3 Press on Throw-In,Stay In Phase,Neutral,31 - 45 min,,
128,129,1,1914.771479160915,1975.5952119149151,D3 Middle / Lower Pressing,1st Half,AaB,,D3 From High to Med/Low,"Intercept. -> Estab. (O1, O2, O3)",Successful,31 - 45 min,,
129,130,1,1984.4526176065815,2017.1707234289147,O2 Build Up,1st Half,AaB,O2 Build Up,O2 Throw-In,Progress to Next Phase,Successful,31 - 45 min,,
130,131,1,1998.0662412899146,2024.735245494248,O3 Break Through,1st Half,AaB,O3 Break Through,Early Through Pass or Cross,Keep The Ball,Neutral,31 - 45 min,Established Play,
131,132,1,2023.8431777777778,2043.8431777777778,Ndividual,,AaB,,,,,,,True
132,133,1,2025.7732819865814,2042.0487209185815,O2 Build Up,1st Half,AaB,O2 Build Up,O2 Throw-In,Ball Loss --> D3 Press,Unsuccessful,31 - 45 min,,
133,134,1,2044.7405102235819,2048.5284034282486,D1 Counterpress,1st Half,AaB,,After O2 build-up,"Intercept. -> Estab. (O1, O2, O3)",Successful,31 - 45 min,,
134,135,1,2050.345727643248,2074.8078327079147,O2 Build Up,1st Half,AaB,O2 Build Up,O2 Free Kick,Progress to Next Phase,Successful,31 - 45 min,,
135,136,1,2057.107473431248,2096.0485785652477,O3 Break Through,1st Half,AaB,O3 Break Through,Wide Link Up Play,"Cross, Shot, Set-Piece or Box Entry",Successful,31 - 45 min,Established Play,
136,137,1,2076.759388625248,2099.6026002759145,O4 Finishing,1st Half,AaB,O4 Finishing,Square Pass,"Cross, Shot, Set-Piece or Box Entry",Neutral,31 - 45 min,Established Play,
137,138,1,2096.1546796155817,2141.2255284999146,O4 Finishing,1st Half,AaB,O4 Finishing,Back Area,Intercepted by Defence,Unsuccessful,31 - 45 min,Corner Kick,
138,139,1,2096.2822555555554,2116.2822555555554,Ndividual,,AaB,,,,,,,True
139,140,1,2127.0640693259147,2151.333113053269,off corner,1st Half,AaB,,Back Area,,,,,
140,141,1,2149.140435304247,2168.9027177402477,D3 High Pressing,1st Half,AaB,,D3 Goal Kick or Free Kick,Stay In Phase,Neutral,31 - 45 min,,
141,142,1,2183.209388665581,2197.8592147619142,D3 Middle / Lower Pressing,1st Half,AaB,,D3 Goal Kick or Free Kick,Stay In Phase,Neutral,31 - 45 min,,
142,143,1,2202.3089196662477,2217.942188781581,D3 High Pressing,1st Half,AaB,,D3 Goal Kick or Free Kick,Stay In Phase,Neutral,31 - 45 min,,
143,144,1,2220.1867274462475,2247.426159937248,D3 Middle / Lower Pressing,1st Half,AaB,,D3 Goal Kick or Free Kick,"Intercept. -> Estab. (O1, O2, O3)",Successful,31 - 45 min,,
144,145,1,2229.063592142581,2254.191973626914,O3 Break Through,1st Half,AaB,O3 Break Through,Quick Restart,Ball Loss --> D3 Press,Unsuccessful,31 - 45 min,Throw In,
145,146,1,2236.3401444444444,2256.3401444444444,Ndividual,,AaB,,,,,,,True
146,147,1,2255.566109986248,2261.0850176999147,D1 Counterpress,1st Half,AaB,,After O2 build-up,"Intercept. -> Estab. (O1, O2, O3)",Successful,31 - 45 min,,
147,148,1,2258.204154407581,2297.8545528579148,O3 Break Through,1st Half,AaB,O3 Break Through,Wide Link Up Play,Keep The Ball,Neutral,31 - 45 min,Established Play,
148,149,1,2262.0187057139146,2277.397474376248,O2 Build Up,1st Half,AaB,O2 Build Up,O2 After Regain,Progress to Next Phase,Successful,31 - 45 min,,
149,150,1,2279.588226405248,2323.260840700248,O3 Break Through,1st Half,AaB,O3 Break Through,Long Throw,"Cross, Shot, Set-Piece or Box Entry",Successful,31 - 45 min,Throw In,
150,151,1,2280.2760333333335,2300.2760333333335,Ndividual,,AaB,,,,,,,True
151,152,1,2303.9321536012476,2329.602387357581,O4 Finishing,1st Half,AaB,O4 Finishing,Cutback,"Cross, Shot, Set-Piece or Box Entry",Neutral,31 - 45 min,Established Play,
152,153,1,2309.57528,2329.57528,Ndividual,,AaB,,,,,,,True
153,154,1,2321.341968803248,2345.1129208335815,O4 Finishing,1st Half,AaB,O4 Finishing,Chipball,Intercepted by Defence,Unsuccessful,31 - 45 min,Established Play,
154,155,1,2352.5722567729144,2358.744507716248,D3 High Pressing,1st Half,AaB,,D3 Goal Kick or Free Kick,"Intercept. -> Estab. (O1, O2, O3)",Successful,31 - 45 min,,
155,156,1,2361.086894282054,2376.200259415998,O1 Play from the Back,,AaB,O1 Play from the Back,O2 to O1,Ball Loss --> D3 Press,Unsuccessful,31 - 45 min,,True
156,157,1,2378.414316313915,2406.957518944248,D3 High Pressing,1st Half,AaB,,After Ball Loss,"Intercept. -> Estab. (O1, O2, O3)",Successful,31 - 45 min,,
157,158,1,2401.360245006248,2425.145877112248,D4 Defending the Box,1st Half,AaB,,1v1,Intercepted by Defence,Successful,31 - 45 min,Transition,
158,159,1,2407.963234156914,2418.134003062581,O1 Play from the Back,1st Half,AaB,O1 Play from the Back,O1 After Regain,Ball Loss --> D4 Defend The Box,Unsuccessful,31 - 45 min,,
159,160,1,2421.402530688894,2439.140535992161,O1 Play from the Back,1st Half,AaB,O1 Play from the Back,O1 After Regain,Progress to Next Phase,Successful,31 - 45 min,,True
160,161,1,2429.210443249248,2455.760083454581,O2 Build Up,1st Half,AaB,O2 Build Up,O1 to O2,Stay In Phase,Neutral,31 - 45 min,,
161,162,1,2438.4514901062475,2475.6629781479146,O3 Break Through,1st Half,AaB,O3 Break Through,Quick Restart,Keep The Ball,Neutral,31 - 45 min,Throw In,
162,163,1,2456.566606027248,2490.732617488581,O3 Break Through,1st Half,AaB,O3 Break Through,Wide Link Up Play,Ball Loss --> D3 Press,Unsuccessful,31 - 45 min,Established Play,
163,164,1,2477.9481111111113,2499.600415041001,D2 Finding Balance,,AaB,,After Ball Loss,"Cross, Shot, Set-Piece or Box Entry",Unsuccessful,31 - 45 min,,
164,165,1,2486.056786567915,2534.733446339248,D4 Defending the Box,1st Half,AaB,,Short Throw-In,Intercepted by Defence,Successful,31 - 45 min,Throw In,
165,166,1,2521.473311111111,2542.9224918492446,def throw,,AaB,,,,,,,
166,167,1,2540.842096372581,2559.4458544782483,O2 Build Up,1st Half,AaB,O2 Build Up,O2 After Regain,Progress to Next Phase,Successful,31 - 45 min,,
167,168,1,2541.218172125915,2564.6690072249144,O3 Break Through,1st Half,AaB,O3 Break Through,Early Through Pass or Cross,Keep The Ball,Neutral,31 - 45 min,Established Play,
168,169,1,2550.2828647232473,2576.5605150872475,O3 Break Through,1st Half,AaB,O3 Break Through,Long Throw,Ball Loss --> D3 Press,Unsuccessful,31 - 45 min,Throw In,True
169,170,1,2595.090113249999,2610.2001311249956,D3 Middle / Lower Pressing,,AaB,,D3 Goal Kick or Free Kick,Stay In Phase,Neutral,31 - 45 min,,
170,171,1,2611.6406629495805,2639.604602731581,D3 Middle / Lower Pressing,1st Half,AaB,,D3 Goal Kick or Free Kick,"Intercept. -> Estab. (O1, O2, O3)",Successful,31 - 45 min,,
171,172,1,2638.3949451829894,2648.547043630092,O1 Play from the Back,1st Half,AaB,O1 Play from the Back,O1 After Regain,Ball Loss --> D3 Press,Unsuccessful,31 - 45 min,,True
172,173,1,2652.6497195939146,2681.2227373795813,D3 Middle / Lower Pressing,1st Half,AaB,,D3 Press on Throw-In,"Intercept. -> Estab. (O1, O2, O3)",Successful,31 - 45 min,,
173,174,1,2694.599173915248,2707.457980899878,O2 Build Up,1st Half,AaB,O2 Build Up,O2 Free Kick,Stay In Phase,Neutral,45+ min,,
174,175,1,2704.4566666666665,2722.598155167001,O1 Play from the Back,,AaB,O1 Play from the Back,O2 to O1,Progress to Next Phase,Successful,45+ min,,
175,176,1,2721.570054200248,2735.0767773912476,O2 Build Up,1st Half,AaB,O2 Build Up,O2 Free Kick,Progress to Next Phase,Successful,45+ min,,
176,177,1,2722.201424278581,2748.038906356914,O3 Break Through,1st Half,AaB,O3 Break Through,1v1 Wide / Halfspace,"Cross, Shot, Set-Piece or Box Entry",Successful,45+ min,Established Play,True
177,178,1,2728.9328029305816,2752.853687107915,O4 Finishing,1st Half,AaB,O4 Finishing,1v1,"Cross, Shot, Set-Piece or Box Entry",Neutral,45+ min,Established Play,True
178,179,1,2761.273055066248,2783.9615847732484,D3 Middle / Lower Pressing,1st Half,AaB,,D3 Goal Kick or Free Kick,Stay In Phase,Neutral,45+ min,,
179,180,1,2792.3600943739148,2807.8485757165813,D3 High Pressing,1st Half,AaB,,D3 Press on Throw-In,"Intercept. -> Estab. (O1, O2, O3)",Successful,45+ min,,True
180,181,1,2810.285095836248,2820.5723063225814,O2 Build Up,1st Half,AaB,O2 Build Up,O2 Throw-In,Ball Loss --> D3 Press,Unsuccessful,45+ min,,True
181,182,1,2826.497652426581,2837.542981913581,D3 Middle / Lower Pressing,1st Half,AaB,,After Ball Loss,"Intercept. -> Estab. (O1, O2, O3)",Successful,45+ min,,
182,183,1,2830.999547749998,2856.2947862079996,O2 Build Up,,AaB,O2 Build Up,O2 Free Kick,Progress to Next Phase,Successful,45+ min,,
183,184,1,2837.0994838329984,2861.599271291001,O3 Break Through,,AaB,O3 Break Through,Wide Link Up Play,Ball Loss --> D3 Press,Unsuccessful,45+ min,Established Play,
184,185,1,2869.1432608964956,5827.028688722668,KO,,AaB,,,,,,,
185,186,1,2869.361720817098,2883.730540134099,D3 Middle / Lower Pressing,2nd Half,AaB,,D3 Goal Kick or Free Kick,Stay In Phase,Neutral,46 - 60 min,,
186,187,1,2884.968493566099,2895.6757251437652,D3 High Pressing,2nd Half,AaB,,D3 From Low/Med to High,"Intercept. -> Estab. (O1, O2, O3)",Successful,46 - 60 min,,
187,188,1,2891.6004366249963,2904.1923222909973,O2 Build Up,,AaB,O2 Build Up,,Stay In Phase,Neutral,46 - 60 min,,
188,189,1,2892.1481777777776,2912.1481777777776,Ndividual,,AaB,,,,,,,True
189,190,1,2901.814,2910.098488748999,O1 Play from the Back,,AaB,O1 Play from the Back,O2 to O1,Progress to Next Phase,Successful,46 - 60 min,,
190,191,1,2902.3316666666665,2914.6669888888887,O2 Build Up,,AaB,O2 Build Up,O1 to O2,Ball Loss --> D3 Press,Unsuccessful,46 - 60 min,,
191,192,1,2914.9765897637653,2925.783847398432,D1 Counterpress,2nd Half,AaB,,After O2 build-up,"Intercept. -> Estab. (O1, O2, O3)",Successful,46 - 60 min,,
192,193,1,2928.906467126765,2946.026149834431,O2 Build Up,2nd Half,AaB,O2 Build Up,O2 Free Kick,Ball Loss --> D3 Press,Unsuccessful,46 - 60 min,,
193,194,1,2933.999477291,2959.697653833,O3 Break Through,,AaB,O3 Break Through,4v4 or Less On Half Pitch,"Cross, Shot, Set-Piece or Box Entry",Successful,46 - 60 min,Established Play,True
194,195,1,2940.5083222222224,2960.9989756669956,O4 Finishing,,AaB,O4 Finishing,Through Pass,"Cross, Shot, Set-Piece or Box Entry",Neutral,46 - 60 min,Established Play,
195,196,1,2950.961706035432,2954.300020696766,D1 Counterpress,2nd Half,AaB,,After O1 build-up,"Intercept. -> Estab. (O1, O2, O3)",Successful,46 - 60 min,,
196,197,1,2968.911929914766,2983.651434097099,D3 High Pressing,2nd Half,AaB,,After Ball Loss,"Intercept. -> Estab. (O1, O2, O3)",Successful,46 - 60 min,,
197,198,1,2982.022352493098,3005.775251818765,O3 Break Through,2nd Half,AaB,O3 Break Through,Early Through Pass or Cross,"Cross, Shot, Set-Piece or Box Entry",Successful,46 - 60 min,Established Play,
198,199,1,2985.296838817432,3000.7762463354316,O2 Build Up,2nd Half,AaB,O2 Build Up,O2 Throw-In,Progress to Next Phase,Successful,46 - 60 min,,
199,200,1,2986.7982916074316,3009.9765044357646,O4 Finishing,2nd Half,AaB,O4 Finishing,Cutback,"Cross, Shot, Set-Piece or Box Entry",Neutral,46 - 60 min,Established Play,True
200,201,1,3012.0292972044317,3015.423466998431,D1 Counterpress,2nd Half,AaB,,After O3/O4,"Intercept. -> Estab. (O1, O2, O3)",Successful,46 - 60 min,,
201,202,1,3017.3400127340983,3037.0199987594315,O2 Build Up,2nd Half,AaB,O2 Build Up,O2 After Regain,Progress to Next Phase,Successful,46 - 60 min,,
202,203,1,3018.665132504765,3060.2241813324317,O3 Break Through,2nd Half,AaB,O3 Break Through,Wide Link Up Play,"Cross, Shot, Set-Piece or Box Entry",Successful,46 - 60 min,Established Play,
203,204,1,3040.9591130307654,3063.872967627432,O4 Finishing,2nd Half,AaB,O4 Finishing,Chipball,"Cross, Shot, Set-Piece or Box Entry",Neutral,46 - 60 min,Established Play,
204,205,1,3065.3996363297647,3075.095166244432,O2 Build Up,2nd Half,AaB,O2 Build Up,O2 Throw-In,Ball Loss --> D3 Press,Unsuccessful,46 - 60 min,,
205,206,1,3072.6448666666665,3092.6448666666665,Ndividual,,AaB,,,,,,,True
206,207,1,3078.041196989432,3081.260209958765,D1 Counterpress,2nd Half,AaB,,After O3/O4,"Intercept. -> Estab. (O1, O2, O3)",Successful,46 - 60 min,,
207,208,1,3082.5138446587653,3098.689931124432,O2 Build Up,2nd Half,AaB,O2 Build Up,O2 Throw-In,Ball Loss --> D3 Press,Unsuccessful,46 - 60 min,,True
208,209,1,3120.6475979047655,3145.7352433607653,O3 Break Through,2nd Half,AaB,O3 Break Through,D3 Win Ball Low/Middle,Keep The Ball,Neutral,46 - 60 min,Transition,
209,210,1,3121.294353473,3138.099770819999,D3 Middle / Lower Pressing,,AaB,,D3 Goal Kick or Free Kick,Direct to O3/O4 OFF Transit,Successful,46 - 60 min,,
210,211,1,3148.074331926431,3182.656818312432,O2 Build Up,2nd Half,AaB,O2 Build Up,O2 Free Kick,Stay In Phase,Neutral,46 - 60 min,,
211,212,1,3175.224422222222,3195.224422222222,Ndividual,,AaB,,,,,,,True
212,213,1,3183.3350903857645,3193.486691221431,O1 Play from the Back,2nd Half,AaB,O1 Play from the Back,O2 to O1,Ball Loss --> D3 Press,Unsuccessful,46 - 60 min,,
213,214,1,3195.3986147754313,3216.6430762104314,D3 Middle / Lower Pressing,2nd Half,AaB,,After Ball Loss,"Intercept. -> Estab. (O1, O2, O3)",Successful,46 - 60 min,,
214,215,1,3217.9524968300984,3225.7349687050983,O1 Play from the Back,2nd Half,AaB,O1 Play from the Back,O1 After Regain,Progress to Next Phase,Successful,46 - 60 min,,
215,216,1,3224.213317912765,3263.4541493970983,O3 Break Through,2nd Half,AaB,O3 Break Through,Wide Link Up Play,Ball Loss --> D3 Press,Unsuccessful,46 - 60 min,Established Play,
216,217,1,3228.5941556520975,3240.428762437765,O2 Build Up,2nd Half,AaB,O2 Build Up,O2 Throw-In,Progress to Next Phase,Successful,46 - 60 min,,
217,218,1,3255.758800588629,3272.5905575634324,D1 Counterpress,2nd Half,AaB,,After O3/O4,Establishing Pressing,Neutral,46 - 60 min,,True
218,219,1,3277.6454274014313,3300.7079790474318,D3 Middle / Lower Pressing,2nd Half,AaB,,D3 Goal Kick or Free Kick,"Intercept. -> Estab. (O1, O2, O3)",Successful,46 - 60 min,,
219,220,1,3294.6193717687647,3326.481961686098,O3 Break Through,2nd Half,AaB,O3 Break Through,Quick Restart,Ball Loss --> D3 Press,Unsuccessful,46 - 60 min,Throw In,
220,221,1,3302.9194727330987,3310.2515451730983,O2 Build Up,2nd Half,AaB,O2 Build Up,O2 After Regain,Stay In Phase,Neutral,46 - 60 min,,
221,222,1,3304.0416111111113,3324.0416111111113,Ndividual,,AaB,,,,,,,True
222,223,1,3312.3443813104323,3314.619371768765,O2 Build Up,2nd Half,AaB,O2 Build Up,,,,46 - 60 min,,
223,224,1,3342.022966077765,3361.757613464098,D3 High Pressing,2nd Half,AaB,,D3 Goal Kick or Free Kick,"Cross, Shot, Set-Piece or Box Entry",Unsuccessful,46 - 60 min,,
224,225,1,3343.0999591910977,3367.9161674754314,D4 Defending the Box,2nd Half,AaB,,Chipball,Intercepted by Defence,Successful,46 - 60 min,Established Play,True
225,226,1,3352.6832198954326,3385.940423103099,O3 Break Through,2nd Half,AaB,O3 Break Through,After D4 Def. Box,Ball Loss --> D3 Press,Unsuccessful,46 - 60 min,Transition,
226,227,1,3368.9420777777777,3387.598812365998,D1 Counterpress,,AaB,,After O3/O4,Establishing Pressing,Neutral,46 - 60 min,,
227,228,1,3369.30388,3389.30388,Ndividual,,AaB,,,,,,,True
228,229,1,3380.597527292999,3400.1017555969997,D4 Defending the Box,,AaB,,Chipball,Intercepted by Defence,Successful,46 - 60 min,Established Play,
229,230,1,3388.046599356432,3400.4538646227656,D2 Finding Balance,2nd Half,AaB,,Transition on Transition,"Intercept. -> Estab. (O1, O2, O3)",Successful,46 - 60 min,,
230,231,1,3401.4461305397654,3437.1756043487653,O2 Build Up,2nd Half,AaB,O2 Build Up,O2 After Regain,Progress to Next Phase,Successful,46 - 60 min,,
231,232,1,3418.8798381277647,3448.9755950510985,O3 Break Through,2nd Half,AaB,O3 Break Through,Wide Link Up Play,"Cross, Shot, Set-Piece or Box Entry",Successful,46 - 60 min,Established Play,
232,233,1,3429.214111111111,3449.214111111111,Ndividual,,AaB,,,,,,,True
233,234,1,3429.9422665350985,3454.8143612604313,O4 Finishing,2nd Half,AaB,O4 Finishing,Square Pass,"Cross, Shot, Set-Piece or Box Entry",Neutral,46 - 60 min,Established Play,
234,235,1,3455.667024345099,3488.3066846440984,O3 Break Through,2nd Half,AaB,O3 Break Through,Wide Link Up Play,Ball Loss --> D3 Press,Unsuccessful,46 - 60 min,Established Play,
235,236,1,3456.920283702765,3458.3722512897643,O2 Build Up,2nd Half,AaB,O2 Build Up,,,,46 - 60 min,,
236,237,1,3458.7553755130984,3474.9080380244327,O2 Build Up,2nd Half,AaB,O2 Build Up,O3 to O2,Progress to Next Phase,Successful,46 - 60 min,,
237,238,1,3489.5520085130984,3493.233685811098,D1 Counterpress,2nd Half,AaB,,After O3/O4,"Intercept. -> Estab. (O1, O2, O3)",Successful,46 - 60 min,,
238,239,1,3489.766003488765,3517.0285661007647,O3 Break Through,2nd Half,AaB,O3 Break Through,Early Through Pass or Cross,Ball Loss --> D3 Press,Unsuccessful,46 - 60 min,Established Play,
239,240,1,3494.5598802710983,3508.9358844247654,O2 Build Up,2nd Half,AaB,O2 Build Up,O2 After Regain,Progress to Next Phase,Successful,46 - 60 min,,
240,241,1,3526.156092706431,3549.738756067098,D3 High Pressing,2nd Half,AaB,,D3 Goal Kick or Free Kick,"Intercept. -> Estab. (O1, O2, O3)",Successful,46 - 60 min,,
241,242,1,3552.534772228765,3555.512852688098,O1 Play from the Back,2nd Half,AaB,O1 Play from the Back,O2 to O1,Progress to Next Phase,Successful,46 - 60 min,,
242,243,1,3555.122745764432,3582.2719529167643,O3 Break Through,2nd Half,AaB,O3 Break Through,1v1 Wide / Halfspace,"Cross, Shot, Set-Piece or Box Entry",Successful,46 - 60 min,Established Play,
243,244,1,3556.368658382765,3573.3416930937647,O2 Build Up,2nd Half,AaB,O2 Build Up,O1 to O2,Progress to Next Phase,Successful,46 - 60 min,,
244,245,1,3563.165618490765,3586.0161954307646,O4 Finishing,2nd Half,AaB,O4 Finishing,1v1,"Cross, Shot, Set-Piece or Box Entry",Neutral,46 - 60 min,Established Play,
245,246,1,3584.9729649834317,3624.7697774590983,O4 Finishing,2nd Half,AaB,O4 Finishing,Back Area,"Cross, Shot, Set-Piece or Box Entry",Neutral,46 - 60 min,Corner Kick,
246,247,1,3606.711369373432,3630.674908826765,O4 Finishing,2nd Half,AaB,O4 Finishing,Chipball,"Cross, Shot, Set-Piece or Box Entry",Neutral,46 - 60 min,Established Play,
247,248,1,3611.6685736917652,3642.3476145427585,off corner,2nd Half,AaB,,Back Area,,,,,
248,249,1,3612.466165130765,3648.3458294407646,O3 Break Through,2nd Half,AaB,O3 Break Through,Central Play Infront of Backline,Keep The Ball,Neutral,46 - 60 min,Established Play,
249,250,1,3673.4939029907655,3698.3984698064314,O2 Build Up,2nd Half,AaB,O2 Build Up,O2 Throw-In,Stay In Phase,Neutral,46 - 60 min,,
250,251,1,3699.2531026674305,3703.1660471790983,O1 Play from the Back,2nd Half,AaB,O1 Play from the Back,O2 to O1,Ball Loss --> D3 Press,Unsuccessful,46 - 60 min,,
251,252,1,3710.2281139457646,3724.038502190765,D3 High Pressing,2nd Half,AaB,,D3 Press on Throw-In,"Intercept. -> Estab. (O1, O2, O3)",Successful,46 - 60 min,,
252,253,1,3710.9996961669985,3730.9996961669985,Ndividual,,AaB,,,,,,,True
253,254,1,3732.1295875570986,3751.6775457020995,D3 Middle / Lower Pressing,2nd Half,AaB,,D3 Press on Throw-In,Stay In Phase,Neutral,46 - 60 min,,
254,255,1,3736.258664315171,3797.396988888889,Bench,,AaB,,,,,,,True
255,256,1,3752.581115988765,3782.379139768766,D3 Middle / Lower Pressing,2nd Half,AaB,,After Ball Loss,Direct to O3/O4 OFF Transit,Successful,46 - 60 min,,
256,257,1,3766.377249600765,3792.198579885765,O3 Break Through,2nd Half,AaB,O3 Break Through,D3 Win Ball Low/Middle,Ball Loss --> D3 Press,Unsuccessful,61 - 75 min,Transition,
257,258,1,3797.5738441570975,3801.2958779197643,D1 Counterpress,2nd Half,AaB,,Transition on Transition,"Cross, Shot, Set-Piece or Box Entry",Unsuccessful,61 - 75 min,,
258,259,1,3816.2508392190985,3860.8737650447656,D4 Defending the Box,2nd Half,AaB,,Central Area,"Cross, Shot, Set-Piece or Box Entry",Neutral,61 - 75 min,Lateral Free Kick,
259,260,1,3835.5010658344318,3871.537637349641,def free kick,2nd Half,AaB,,,,,,,
260,261,1,3872.751310417764,3875.914323847098,D1 Counterpress,2nd Half,AaB,,Transition on Transition,"Intercept. -> Estab. (O1, O2, O3)",Successful,61 - 75 min,,
261,262,1,3894.767949389431,3911.751950616098,O1 Play from the Back,2nd Half,AaB,O1 Play from the Back,O1 Goal Kick or Free Kick,Progress to Next Phase,Successful,61 - 75 min,,
262,263,1,3895.9265713278137,4029.240904908387,Ndividual,,AaB,,,,,,,True
263,264,1,3898.205372945765,3926.128499312097,O3 Break Through,2nd Half,AaB,O3 Break Through,Central Play Infront of Backline,Keep The Ball,Neutral,61 - 75 min,Established Play,
264,265,1,3914.7943049357646,3917.3754424114313,O2 Build Up,2nd Half,AaB,O2 Build Up,O1 to O2,Progress to Next Phase,Successful,61 - 75 min,,
265,266,1,3926.9956786450985,3952.238814270764,O2 Build Up,2nd Half,AaB,O2 Build Up,O3 to O2,Progress to Next Phase,Successful,61 - 75 min,,
266,267,1,3933.224451498765,3960.8008001640983,O3 Break Through,2nd Half,AaB,O3 Break Through,Early Through Pass or Cross,"Cross, Shot, Set-Piece or Box Entry",Successful,61 - 75 min,Established Play,
267,268,1,3934.1995219169985,3959.797046129997,O4 Finishing,,AaB,O4 Finishing,Square Pass,Chance,Successful,61 - 75 min,Established Play,
268,269,1,3943.8881327030995,3983.3651888888885,Bench,,AaB,,,,,61 - 75 min,,True
269,270,1,3950.800414622765,3980.180572171431,O3 Break Through,2nd Half,AaB,O3 Break Through,Transition After CP,"Cross, Shot, Set-Piece or Box Entry",Successful,61 - 75 min,Transition,
270,271,1,3961.4672286977648,3984.0382288934316,O4 Finishing,2nd Half,AaB,O4 Finishing,Square Pass,"Cross, Shot, Set-Piece or Box Entry",Neutral,61 - 75 min,Established Play,
271,272,1,3966.128220101431,3969.036235312765,D1 Counterpress,2nd Half,AaB,,After O3/O4,Direct to O3/O4 OFF Transit,Successful,61 - 75 min,,
272,273,1,3976.6125241694317,4000.8778253390983,O3 Break Through,2nd Half,AaB,O3 Break Through,Early Through Pass or Cross,Keep The Ball,Neutral,61 - 75 min,Established Play,
273,274,1,3982.5384975477655,4009.2957374497655,O3 Break Through,2nd Half,AaB,O3 Break Through,Central Play Infront of Backline,Keep The Ball,Neutral,61 - 75 min,Established Play,
274,275,1,3984.7437333333332,4010.901768307996,O4 Finishing,,AaB,O4 Finishing,Square Pass,"Cross, Shot, Set-Piece or Box Entry",Neutral,61 - 75 min,Established Play,
275,276,1,3984.997228830098,3994.879290441764,O2 Build Up,2nd Half,AaB,O2 Build Up,O2 After Regain,Progress to Next Phase,Successful,61 - 75 min,,
276,277,1,3985.753102437449,4000.560400576344,O4 Finishing,,AaB,O4 Finishing,Through Pass,"Cross, Shot, Set-Piece or Box Entry",Neutral,61 - 75 min,Established Play,
277,278,1,3985.9004059230183,4031.5466888888895,Bench,,AaB,,,,,61 - 75 min,,True
278,279,1,3994.3834384880975,4030.4803346954304,O3 Break Through,2nd Half,AaB,O3 Break Through,Central Play Infront of Backline,"Cross, Shot, Set-Piece or Box Entry",Successful,61 - 75 min,Established Play,
279,280,1,3999.699627301995,4031.6975322789995,O4 Finishing,,AaB,O4 Finishing,Pass Infront of Backline,"Cross, Shot, Set-Piece or Box Entry",Neutral,61 - 75 min,Established Play,
280,281,1,4040.6716429304315,4051.893729532765,D3 High Pressing,2nd Half,AaB,,After Ball Loss,Stay In Phase,Neutral,61 - 75 min,,
281,282,1,4053.363104728098,4060.5029571490986,D2 Finding Balance,2nd Half,AaB,,D3 High Press on Opp. Half,Direct to O3/O4 OFF Transit,Successful,61 - 75 min,,
282,283,1,4060.3490557157647,4085.596414969098,O3 Break Through,2nd Half,AaB,O3 Break Through,Early Through Pass or Cross,"Cross, Shot, Set-Piece or Box Entry",Successful,61 - 75 min,Established Play,
283,284,1,4066.363433519432,4091.442798345098,O4 Finishing,2nd Half,AaB,O4 Finishing,Cutback,"Cross, Shot, Set-Piece or Box Entry",Neutral,61 - 75 min,Established Play,
284,285,1,4068.1697946824315,4079.381893380765,O2 Build Up,2nd Half,AaB,O2 Build Up,O2 Free Kick,Progress to Next Phase,Successful,61 - 75 min,,
285,286,1,4073.758949407097,4124.586664804764,O4 Finishing,2nd Half,AaB,O4 Finishing,Front Area,,,61 - 75 min,Corner Kick,
286,287,1,4108.971794800775,4125.927348981309,off corner,2nd Half,AaB,,,"Cross, Shot, Set-Piece or Box Entry",Neutral,,,True
287,288,1,4110.422154486098,4147.307963034432,O4 Finishing,2nd Half,AaB,O4 Finishing,Front Area,"Cross, Shot, Set-Piece or Box Entry",Neutral,61 - 75 min,Corner Kick,
288,289,1,4133.547498274431,4165.653846929436,off corner,2nd Half,AaB,,Front Area,,,,,
289,290,1,4147.893831871432,4172.207663453431,D4 Defending the Box,2nd Half,AaB,,Square Pass,"Cross, Shot, Set-Piece or Box Entry",Neutral,61 - 75 min,Transition,
290,291,1,4149.3204905800985,4159.033573438431,D1 Counterpress,2nd Half,AaB,,After O3/O4,"Cross, Shot, Set-Piece or Box Entry",Unsuccessful,61 - 75 min,,
291,292,1,4162.081014164098,4166.114059862764,D2 Finding Balance,2nd Half,AaB,,Transition After CP,"Cross, Shot, Set-Piece or Box Entry",Unsuccessful,61 - 75 min,,
292,293,1,4169.489904968098,4199.178534775098,O3 Break Through,2nd Half,AaB,O3 Break Through,1v1 Wide / Halfspace,"Cross, Shot, Set-Piece or Box Entry",Successful,61 - 75 min,Established Play,
293,294,1,4170.515033333333,4200.515033333333,Bench,,AaB,,,,,61 - 75 min,,True
294,295,1,4179.235818183432,4183.938952588432,D3 Middle / Lower Pressing,2nd Half,AaB,,After Ball Loss,"Intercept. -> Estab. (O1, O2, O3)",Successful,61 - 75 min,,
295,296,1,4179.872969184099,4203.594497807098,O4 Finishing,2nd Half,AaB,O4 Finishing,Square Pass,"Cross, Shot, Set-Piece or Box Entry",Neutral,61 - 75 min,Established Play,
296,297,1,4185.393527616431,4188.684381540765,O2 Build Up,2nd Half,AaB,O2 Build Up,O2 After Regain,Progress to Next Phase,Successful,61 - 75 min,,
297,298,1,4185.575266511764,4246.947148406431,O4 Finishing,2nd Half,AaB,O4 Finishing,Short Variation,"Cross, Shot, Set-Piece or Box Entry",Neutral,61 - 75 min,Corner Kick,
298,299,1,4222.881792705098,4253.079498543817,off corner,2nd Half,AaB,,,,,,,
299,300,1,4254.415412464765,4281.1928112494315,O2 Build Up,2nd Half,AaB,O2 Build Up,O2 Throw-In,Ball Loss --> D3 Press,Unsuccessful,61 - 75 min,,
300,301,1,4267.3161,4287.3161,Ndividual,,AaB,,,,,,,True
301,302,1,4271.1631333333335,4293.100211082998,D4 Defending the Box,,AaB,,1v1,"Cross, Shot, Set-Piece or Box Entry",Neutral,61 - 75 min,Transition,
302,303,1,4282.861054870097,4299.80907477343,D2 Finding Balance,2nd Half,AaB,,After Ball Loss,"Cross, Shot, Set-Piece or Box Entry",Unsuccessful,61 - 75 min,,
303,304,1,4336.845729296098,4373.483249015765,D4 Defending the Box,2nd Half,AaB,,"Middle 20,5 - 23 m","Cross, Shot, Set-Piece or Box Entry",Neutral,61 - 75 min,Direct Free Kick,
304,305,1,4356.8791779805815,4388.394590215527,def free kick,2nd Half,AaB,,"Middle 20,5 - 23 m",,,,Direct Free Kick,
305,306,1,4370.091249094098,4411.328433973431,D4 Defending the Box,2nd Half,AaB,,Long Throw,"Cross, Shot, Set-Piece or Box Entry",Neutral,61 - 75 min,Throw In,
306,307,1,4399.576666666667,4441.295597985184,def throw,,AaB,,,,,,,True
307,308,1,4455.934835575682,4481.455111111111,Ndividual,,AaB,,,,,,,True
308,309,1,4517.86166062071,4532.216055505469,O1 Play from the Back,2nd Half,AaB,O1 Play from the Back,O1 Goal Kick or Free Kick,Progress to O3-O4,Successful,61 - 75 min,,True
309,310,1,4531.302566666666,4561.302566666666,Bench,,AaB,,,,,61 - 75 min,,True
310,311,1,4531.796715279292,4539.609469333563,D2 Finding Balance,2nd Half,AaB,,After Ball Loss,"Intercept. -> Estab. (O1, O2, O3)",Successful,61 - 75 min,,True
311,312,1,4539.554242993432,4564.041536098432,D4 Defending the Box,2nd Half,AaB,,1v1,"Cross, Shot, Set-Piece or Box Entry",Neutral,61 - 75 min,Transition,
312,313,1,4541.538204667431,4554.379416858765,O1 Play from the Back,2nd Half,AaB,O1 Play from the Back,O1 After Regain,Ball Loss --> D3 Press,Unsuccessful,61 - 75 min,,
313,314,1,4546.438766723431,4592.044581414098,D4 Defending the Box,2nd Half,AaB,,Back Area,"Cross, Shot, Set-Piece or Box Entry",Neutral,61 - 75 min,Corner Kick,
314,315,1,4575.423473100765,4628.237333412098,D4 Defending the Box,2nd Half,AaB,,Central Area,"Cross, Shot, Set-Piece or Box Entry",Neutral,61 - 75 min,Corner Kick,
315,316,1,4577.780279365098,4606.17474935812,def corner,2nd Half,AaB,,,,,,,
316,317,1,4614.314740411764,4635.895604579371,def corner,2nd Half,AaB,,,,,,,
317,318,1,4620.538700659765,4657.530506932764,D4 Defending the Box,2nd Half,AaB,,Central Area,Open Chance,Unsuccessful,61 - 75 min,Corner Kick,
318,319,1,4636.681326805097,4672.268806937217,def corner,2nd Half,AaB,,,,,,Corner Kick,True
319,320,1,4653.094425375764,4678.996901019765,O3 Break Through,2nd Half,AaB,O3 Break Through,Central Play Infront of Backline,Ball Loss --> D3 Press,Unsuccessful,61 - 75 min,Established Play,
320,321,1,4659.208108554765,4668.677384747431,O1 Play from the Back,2nd Half,AaB,O1 Play from the Back,O1 Goal Kick or Free Kick,Progress to Next Phase,Successful,61 - 75 min,,
321,322,1,4669.732145748764,4672.119874404765,O2 Build Up,2nd Half,AaB,O2 Build Up,O1 to O2,Progress to Next Phase,Successful,61 - 75 min,,
322,323,1,4680.457836732765,4684.378890559765,D2 Finding Balance,2nd Half,AaB,,After Ball Loss,"Intercept. -> Estab. (O1, O2, O3)",Successful,76 - 90 min,,
323,324,1,4685.425040170098,4695.038166686431,O1 Play from the Back,2nd Half,AaB,O1 Play from the Back,O1 After Regain,Progress to Next Phase,Successful,76 - 90 min,,
324,325,1,4698.928343290765,4700.765445394765,O2 Build Up,2nd Half,AaB,O2 Build Up,O1 to O2,Stay In Phase,Neutral,76 - 90 min,,
325,326,1,4738.069325674765,4752.9958695180985,O2 Build Up,2nd Half,AaB,O2 Build Up,O2 Throw-In,Stay In Phase,Neutral,76 - 90 min,,
326,327,1,4757.053644232098,4783.169471912432,O2 Build Up,2nd Half,AaB,O2 Build Up,O2 Throw-In,Stay In Phase,Neutral,76 - 90 min,,
327,328,1,4764.697481526,4794.697481526,Bench,,AaB,,,,,76 - 90 min,,True
328,329,1,4773.2729848287645,4793.832254620765,D4 Defending the Box,2nd Half,AaB,,,,,76 - 90 min,,
329,330,1,4784.000572575764,4789.512326455431,O1 Play from the Back,2nd Half,AaB,O1 Play from the Back,O2 to O1,Ball Loss --> D3 Press,Unsuccessful,76 - 90 min,,
330,331,1,4793.832254620765,4807.051780226432,D3 Middle / Lower Pressing,2nd Half,AaB,,After Ball Loss,Stay In Phase,Neutral,76 - 90 min,,
331,332,1,4808.361411665432,4821.278832838765,D3 Middle / Lower Pressing,2nd Half,AaB,,D3 Press on Throw-In,"Intercept. -> Estab. (O1, O2, O3)",Successful,76 - 90 min,,
332,333,1,4831.15,4847.899862707997,O1 Play from the Back,,AaB,O1 Play from the Back,O1 Throw-In,Ball Loss --> D3 Press,Unsuccessful,76 - 90 min,,True
333,334,1,4848.617675822432,4872.3624408867645,D3 Middle / Lower Pressing,2nd Half,AaB,,D3 Goal Kick or Free Kick,"Intercept. -> Estab. (O1, O2, O3)",Successful,76 - 90 min,,
334,335,1,4873.480593698765,4901.786839137764,O2 Build Up,2nd Half,AaB,O2 Build Up,O2 Free Kick,Progress to Next Phase,Successful,76 - 90 min,,True
335,336,1,4883.245422222222,4903.874466666667,O3 Break Through,,AaB,O3 Break Through,Wide Link Up Play,"Cross, Shot, Set-Piece or Box Entry",Successful,76 - 90 min,Established Play,
336,337,1,4884.698647542,4910.899646375002,O4 Finishing,,AaB,O4 Finishing,Through Pass,Intercepted by Defence,Unsuccessful,76 - 90 min,Established Play,
337,338,1,4915.320987525765,4940.572806523431,O2 Build Up,2nd Half,AaB,O2 Build Up,O2 After Regain,Progress to Next Phase,Successful,76 - 90 min,,
338,339,1,4921.595861416766,4955.311840547099,O3 Break Through,2nd Half,AaB,O3 Break Through,1v1 Wide / Halfspace,Keep The Ball,Neutral,76 - 90 min,Established Play,True
339,340,1,4935.138357661359,4981.143977777778,Bench,,AaB,,,,,76 - 90 min,,
340,341,1,5056.141243531513,5068.821577264703,O2 Build Up,2nd Half,AaB,O2 Build Up,O2 Free Kick,Ball Loss --> D3 Press,Unsuccessful,76 - 90 min,,True
341,342,1,5067.239047420432,5090.989882964431,D3 Middle / Lower Pressing,2nd Half,AaB,,D3 Press on Throw-In,Direct to O3/O4 OFF Transit,Successful,76 - 90 min,,
342,343,1,5098.059160670765,5105.243233584764,D2 Finding Balance,2nd Half,AaB,,Transition on Transition,"Intercept. -> Estab. (O1, O2, O3)",Successful,76 - 90 min,,
343,344,1,5104.8339282594325,5130.3803480790975,O3 Break Through,2nd Half,AaB,O3 Break Through,Long Throw,"Cross, Shot, Set-Piece or Box Entry",Successful,76 - 90 min,Throw In,
344,345,1,5107.942690893765,5123.994247596098,O2 Build Up,2nd Half,AaB,O2 Build Up,O2 Throw-In,Progress to Next Phase,Successful,76 - 90 min,,
345,346,1,5137.262067071431,5181.537430388098,O4 Finishing,2nd Half,AaB,O4 Finishing,Short Variation,"Cross, Shot, Set-Piece or Box Entry",Neutral,76 - 90 min,Corner Kick,
346,347,1,5163.062598781433,5187.7623719759795,off corner,2nd Half,AaB,,Short Variation,,,,,
347,348,1,5183.694605999431,5201.734876764432,O2 Build Up,2nd Half,AaB,O2 Build Up,O2 After Regain,Stay In Phase,Neutral,76 - 90 min,,
348,349,1,5200.701682282432,5244.127918728097,O4 Finishing,2nd Half,AaB,O4 Finishing,Back Area,,,76 - 90 min,Lateral Free Kick,
349,350,1,5232.859845918053,5252.689228290424,off free kick,2nd Half,AaB,,Back Area,Intercepted by Defence,Unsuccessful,,,
350,351,1,5249.280360423765,5253.274571290098,D2 Finding Balance,2nd Half,AaB,,After Offensive Set-Piece,Establishing Pressing,Neutral,76 - 90 min,,
351,352,1,5255.183208606431,5274.864009612432,D3 Middle / Lower Pressing,2nd Half,AaB,,After Ball Loss,"Cross, Shot, Set-Piece or Box Entry",Unsuccessful,76 - 90 min,,
352,353,1,5256.430034871765,5288.363887227764,D4 Defending the Box,2nd Half,AaB,,Chipball,Intercepted by Defence,Successful,76 - 90 min,Established Play,
353,354,1,5299.167970124098,5323.656177303765,O1 Play from the Back,2nd Half,AaB,O1 Play from the Back,O1 Goal Kick or Free Kick,Ball Loss --> D4 Defend The Box,Unsuccessful,76 - 90 min,,
354,355,1,5305.629061184098,5335.538030361432,D4 Defending the Box,2nd Half,AaB,,Chipball,"Cross, Shot, Set-Piece or Box Entry",Neutral,76 - 90 min,Transition,
355,356,1,5316.911455669765,5343.140491941432,D4 Defending the Box,2nd Half,AaB,,Chipball,"Cross, Shot, Set-Piece or Box Entry",Neutral,76 - 90 min,Established Play,
356,357,1,5335.447615966097,5393.651811655432,D4 Defending the Box,2nd Half,AaB,,Central Area,Intercepted by Defence,Successful,76 - 90 min,Corner Kick,
357,358,1,5378.031352444765,5402.320146668786,def corner,2nd Half,AaB,,Central Area,,,,,
358,359,1,5400.291809497097,5425.642465146432,D4 Defending the Box,2nd Half,AaB,,Square Pass,Intercepted by Defence,Successful,76 - 90 min,Transition,
359,360,1,5408.866666666667,5417.999767041996,O1 Play from the Back,,AaB,O1 Play from the Back,O1 Throw-In,Ball Loss --> D4 Defend The Box,Unsuccessful,76 - 90 min,,True
360,361,1,5416.266880229932,5481.267319468001,Bench,,AaB,,,,,76 - 90 min,,True
361,362,1,5424.738997499431,5461.539223276098,O3 Break Through,2nd Half,AaB,O3 Break Through,Central Play Infront of Backline,Lead to O4 chance,Successful,76 - 90 min,Established Play,
362,363,1,5426.824114010765,5438.7811316340985,O1 Play from the Back,2nd Half,AaB,O1 Play from the Back,O1 After Regain,Progress to Next Phase,Successful,76 - 90 min,,
363,364,1,5439.579538614098,5443.960803330764,O2 Build Up,2nd Half,AaB,O2 Build Up,O1 to O2,Progress to Next Phase,Successful,76 - 90 min,,
364,365,1,5442.297960592764,5465.117413894432,O4 Finishing,2nd Half,AaB,O4 Finishing,Square Pass,"Cross, Shot, Set-Piece or Box Entry",Neutral,76 - 90 min,Established Play,True
365,366,1,5469.876872915432,5488.2058376357645,D3 High Pressing,2nd Half,AaB,,After Ball Loss,"Intercept. -> Estab. (O1, O2, O3)",Successful,76 - 90 min,,
366,367,1,5480.919844723097,5532.911895626764,O3 Break Through,2nd Half,AaB,O3 Break Through,,Keep The Ball,Neutral,76 - 90 min,Established Play,
367,368,1,5491.760190082765,5494.1312992020985,O1 Play from the Back,2nd Half,AaB,O1 Play from the Back,O1 After Regain,Progress to Next Phase,Successful,76 - 90 min,,
368,369,1,5495.601018951432,5500.120831915098,O2 Build Up,2nd Half,AaB,O2 Build Up,O1 to O2,Progress to Next Phase,Successful,76 - 90 min,,
369,370,1,5534.032850116431,5537.024793480765,O2 Build Up,2nd Half,AaB,O2 Build Up,O3 to O2,Ball Loss --> D3 Press,Unsuccessful,76 - 90 min,,
370,371,1,5538.582539677099,5553.651570137432,D3 Middle / Lower Pressing,2nd Half,AaB,,D3 Goal Kick or Free Kick,"Intercept. -> Estab. (O1, O2, O3)",Successful,76 - 90 min,,
371,372,1,5554.833658857765,5574.068879842099,O2 Build Up,2nd Half,AaB,O2 Build Up,O2 After Regain,Ball Loss --> D3 Press,Unsuccessful,76 - 90 min,,True
372,373,1,5565.793599730098,5589.380030626431,D4 Defending the Box,2nd Half,AaB,,Chipball,"Cross, Shot, Set-Piece or Box Entry",Neutral,90+ min,Established Play,
373,374,1,5575.225774946431,5611.4086953240985,O3 Break Through,2nd Half,AaB,O3 Break Through,After D4 Def. Box,"Cross, Shot, Set-Piece or Box Entry",Successful,90+ min,Transition,
374,375,1,5575.698971969432,5584.483622939431,D3 Middle / Lower Pressing,2nd Half,AaB,,After Ball Loss,"Cross, Shot, Set-Piece or Box Entry",Unsuccessful,90+ min,,
375,376,1,5592.151560285099,5617.621637014432,O4 Finishing,2nd Half,AaB,O4 Finishing,1v1,"Cross, Shot, Set-Piece or Box Entry",Neutral,90+ min,Transition,True
376,377,1,5625.293016323763,5642.0887356374315,D3 Middle / Lower Pressing,2nd Half,AaB,,D3 Goal Kick or Free Kick,"Intercept. -> Estab. (O1, O2, O3)",Successful,90+ min,,
377,378,1,5636.101780679724,5656.861455555556,Ndividual,,AaB,,,,,,,True
378,379,1,5650.222646079765,5660.795549579431,O2 Build Up,2nd Half,AaB,O2 Build Up,O2 Free Kick,Ball Loss --> D3 Press,Unsuccessful,90+ min,,
379,380,1,5664.660950359764,5670.642124962097,D3 High Pressing,2nd Half,AaB,,After Ball Loss,"Intercept. -> Estab. (O1, O2, O3)",Successful,90+ min,,
380,381,1,5667.7116201227645,5724.518274090432,O3 Break Through,2nd Half,AaB,O3 Break Through,Central Play Infront of Backline,"Cross, Shot, Set-Piece or Box Entry",Successful,90+ min,Established Play,
381,382,1,5671.816948927431,5686.369506088765,O2 Build Up,2nd Half,AaB,O2 Build Up,O2 Throw-In,Progress to Next Phase,Successful,90+ min,,
382,383,1,5705.324017911432,5729.661329786432,O4 Finishing,2nd Half,AaB,O4 Finishing,Chipball,"Cross, Shot, Set-Piece or Box Entry",Neutral,90+ min,Established Play,True
383,384,1,5730.914719889099,5753.558828594764,O2 Build Up,2nd Half,AaB,O2 Build Up,O2 After Regain,Stay In Phase,Neutral,90+ min,,
384,385,1,5754.252766252432,5765.7089256970985,O2 Build Up,2nd Half,AaB,O2 Build Up,O2 Free Kick,Progress to Next Phase,Successful,90+ min,,
385,386,1,5761.100566666667,5781.100566666667,Ndividual,,AaB,,,,,,,True
386,387,1,5783.1070343427655,5823.238528875432,O4 Finishing,2nd Half,AaB,O4 Finishing,"Long Range + 23,5 m",Intercepted by Defence,Unsuccessful,90+ min,Direct Free Kick,
387,388,1,5809.218553174861,5832.363287952097,off free kick,2nd Half,AaB,,,,,,,
