,code_id,period_id,timestamp,end_timestamp,code,00. Start Phase,01. Phase,02. Situation Type,Half,04. Rating,03. Outcomes,Opponent,Time Period,<flag>New Flag
0,1,1,0.0,26.81036932500038,O3 Break Through,O3 Break Through,Transition,Transition After CP,1st Half,Successful,"Cross, Shot, Set-Piece or Box Entry",Horsens,0 - 15 min,
1,2,1,0.3790709276669588,11.669764820999973,O2 Build Up,O2 Build Up,,O2 Free Kick,1st Half,Unsuccessful,Ball Loss --> D3 Press,Horsens,0 - 15 min,
2,3,1,1.6996945479301928,3064.5748980229814,KO,,,,1st Half,,,Horsens,45+ min,
3,4,1,3.0594049100001826,18.681597531333352,D1 Counterpress,,,After O2 build-up,1st Half,Successful,Direct to O3/O4 OFF Transit,Horsens,0 - 15 min,
4,5,1,7.616590354000152,30.420917187000214,O4 Finishing,O4 Finishing,Transition,Chipball,1st Half,Neutral,"Cross, Shot, Set-Piece or Box Entry",Horsens,0 - 15 min,
5,6,1,28.635063179333315,52.917650438333595,O2 Build Up,O2 Build Up,,O2 After Regain,1st Half,Successful,Progress to Next Phase,Horsens,0 - 15 min,
6,7,1,34.769735341333785,57.6859544306669,O3 Break Through,O3 Break Through,Established Play,Wide Link Up Play,1st Half,Successful,"Cross, Shot, Set-Piece or Box Entry",Horsens,0 - 15 min,
7,8,1,38.52453914500035,61.28719195766672,O4 Finishing,O4 Finishing,Established Play,Chipball,1st Half,Neutral,"Cross, Shot, Set-Piece or Box Entry",Horsens,0 - 15 min,
8,9,1,54.24255899000053,66.53552619300046,D1 Counterpress,,,After O3/O4,1st Half,Neutral,Establishing Pressing,Horsens,0 - 15 min,
9,10,1,69.62723643966677,86.46503297699991,D3 High Pressing,,,D3 Press on Throw-In,1st Half,Successful,"Intercept. -> Estab. (O1, O2, O3)",Horsens,0 - 15 min,
10,11,1,84.75064047633373,141.5632754333335,O2 Build Up,O2 Build Up,,O2 After Regain,1st Half,Successful,Progress to O4,Horsens,0 - 15 min,
11,12,1,122.68188383700056,150.20835040700024,O4 Finishing,O4 Finishing,Established Play,Through Pass,1st Half,Neutral,"Cross, Shot, Set-Piece or Box Entry",Horsens,0 - 15 min,
12,13,1,133.36374663966706,165.764988217667,O4 Finishing,O4 Finishing,Corner Kick,Back Area,1st Half,,,Horsens,0 - 15 min,
13,14,1,157.16132275933364,168.16132275933364,off corner,,,Back Area,1st Half,Neutral,"Cross, Shot, Set-Piece or Box Entry",Horsens,,
14,15,1,160.1488675556671,183.37199667833352,D1 Counterpress,,,After O3/O4,1st Half,Successful,"Intercept. -> Estab. (O1, O2, O3)",Horsens,0 - 15 min,
15,16,1,171.52036553061393,257.0175217983261,Goal FCN,,,Established Play,1st Half,,,Horsens,,True
16,17,1,183.46302599533362,203.7748889356667,O2 Build Up,O2 Build Up,,O2 After Regain,1st Half,Successful,Progress to Next Phase,Horsens,0 - 15 min,
17,18,1,184.79722625333335,213.3378024370005,O3 Break Through,O3 Break Through,Established Play,Early Through Pass or Cross,1st Half,Successful,Lead to O4 chance,Horsens,0 - 15 min,
18,19,1,194.10395633933342,217.8744191226673,O4 Finishing,O4 Finishing,Established Play,Through Pass,1st Half,Successful,Open Chance,Horsens,0 - 15 min,True
19,20,1,254.9091655893336,268.7445150870001,D3 Middle / Lower Pressing,,,D3 Goal Kick or Free Kick,1st Half,Successful,"Intercept. -> Estab. (O1, O2, O3)",Horsens,0 - 15 min,
20,21,1,266.38668461468,279.1875894640022,O1 Play from the Back,O1 Play from the Back,,O2 to O1,1st Half,Unsuccessful,Ball Loss --> D3 Press,Horsens,0 - 15 min,True
21,22,1,266.7348445413336,272.5711940896671,O2 Build Up,O2 Build Up,,O2 After Regain,1st Half,Neutral,Stay In Phase,Horsens,0 - 15 min,
22,23,1,275.3284555406667,302.87491795300025,D3 Middle / Lower Pressing,,,After Ball Loss,1st Half,Neutral,Stay In Phase,Horsens,0 - 15 min,
23,24,1,275.4920543166705,329.6066555555555,Bench,,,,,,,Horsens,0 - 15 min,True
24,25,1,301.83108778099995,309.69542318433355,D3 Middle / Lower Pressing,,,After Ball Loss,1st Half,Neutral,Stay In Phase,Horsens,0 - 15 min,
25,26,1,307.3934137900002,330.1095330766666,O3 Break Through,O3 Break Through,Transition,Transition After CP,1st Half,Neutral,Keep The Ball,Horsens,0 - 15 min,
26,27,1,307.524757080667,319.23985665766656,D3 High Pressing,,,D3 From Low/Med to High,1st Half,Successful,"Intercept. -> Estab. (O1, O2, O3)",Horsens,0 - 15 min,
27,28,1,311.08490080800016,323.55166314833343,D1 Counterpress,,,After O2 build-up,1st Half,Successful,Direct to O3/O4 OFF Transit,Horsens,0 - 15 min,
28,29,1,328.3238244500002,378.83121991266705,O2 Build Up,O2 Build Up,,O2 After Regain,1st Half,Unsuccessful,Ball Loss --> D3 Press,Horsens,0 - 15 min,
29,30,1,370.221799679,386.0748547159999,D1 Counterpress,,,After O2 build-up,1st Half,Neutral,Establishing Pressing,Horsens,0 - 15 min,
30,31,1,384.0184821476671,398.64378227366683,D3 Middle / Lower Pressing,,,After Ball Loss,1st Half,Neutral,Stay In Phase,Horsens,0 - 15 min,
31,32,1,403.9195884756672,426.0513664866668,D3 Middle / Lower Pressing,,,D3 Press on Throw-In,1st Half,Unsuccessful,"Cross, Shot, Set-Piece or Box Entry",Horsens,0 - 15 min,
32,33,1,406.81754610033374,429.55749444133335,O4 Finishing,O4 Finishing,Throw In,Long Throw,1st Half,Neutral,"Cross, Shot, Set-Piece or Box Entry",Horsens,0 - 15 min,
33,34,1,429.75097801100003,448.27285656000026,D3 Middle / Lower Pressing,,,D3 Press on Throw-In,1st Half,Neutral,Stay In Phase,Horsens,0 - 15 min,
34,35,1,458.7811459176671,467.74238480500037,D3 Middle / Lower Pressing,,,D3 Press on Throw-In,1st Half,Successful,"Intercept. -> Estab. (O1, O2, O3)",Horsens,0 - 15 min,
35,36,1,461.2747338413336,491.1135011710003,O3 Break Through,O3 Break Through,Established Play,1v1 Wide / Halfspace,1st Half,Successful,"Cross, Shot, Set-Piece or Box Entry",Horsens,0 - 15 min,
36,37,1,463.4154569595757,489.2016906536698,O4 Finishing,O4 Finishing,Established Play,Square Pass,1st Half,Neutral,"Cross, Shot, Set-Piece or Box Entry",Horsens,0 - 15 min,True
37,38,1,463.6515105965408,489.15303525531436,O1 Play from the Back,O1 Play from the Back,,O1 Goal Kick or Free Kick,1st Half,Neutral,Stay In Phase,Horsens,0 - 15 min,True
38,39,1,471.9946132423337,480.47647646233327,O2 Build Up,O2 Build Up,,O1 to O2,1st Half,Successful,Progress to Next Phase,Horsens,0 - 15 min,
39,40,1,490.63379522433377,521.8843274196672,O3 Break Through,O3 Break Through,Transition,D3 High Press on Opp. Half,1st Half,Successful,"Cross, Shot, Set-Piece or Box Entry",Horsens,0 - 15 min,
40,41,1,491.65022222222217,521.6502222222222,Bench,,,,,,,Horsens,0 - 15 min,True
41,42,1,496.97184860233335,509.7003475200004,D3 High Pressing,,,After Ball Loss,1st Half,Successful,Direct to O3/O4 OFF Transit,Horsens,0 - 15 min,
42,43,1,515.5997577926669,550.3143215656668,O4 Finishing,O4 Finishing,Lateral Free Kick,Back Area,1st Half,,,Horsens,0 - 15 min,
43,44,1,539.4460984246668,550.4460984246668,off free kick,,,Back Area,1st Half,Neutral,"Cross, Shot, Set-Piece or Box Entry",Horsens,,
44,45,1,542.9180806876667,568.6130925053337,O3 Break Through,O3 Break Through,Throw In,Long Throw,1st Half,Successful,"Cross, Shot, Set-Piece or Box Entry",Horsens,0 - 15 min,
45,46,1,549.430495504667,572.7493584913339,O4 Finishing,O4 Finishing,Throw In,Long Throw,1st Half,Neutral,"Cross, Shot, Set-Piece or Box Entry",Horsens,0 - 15 min,
46,47,1,570.759915345667,605.027482548667,O4 Finishing,O4 Finishing,Corner Kick,Short Variation,1st Half,Neutral,"Cross, Shot, Set-Piece or Box Entry",Horsens,0 - 15 min,
47,48,1,591.2127133570003,602.2127133570003,off corner,,,Short Variation,1st Half,,,Horsens,,
48,49,1,596.6287628376673,634.6085858346669,O4 Finishing,O4 Finishing,Corner Kick,Back Area,1st Half,Neutral,"Cross, Shot, Set-Piece or Box Entry",Horsens,0 - 15 min,
49,50,1,619.8291568416671,630.8291568416671,off corner,,,,1st Half,,,Horsens,,
50,51,1,637.5265751113335,657.1188346873333,D3 High Pressing,,,D3 Goal Kick or Free Kick,1st Half,Successful,"Intercept. -> Estab. (O1, O2, O3)",Horsens,0 - 15 min,
51,52,1,654.9573506796668,676.5405260006672,O2 Build Up,O2 Build Up,,O2 After Regain,1st Half,Successful,Progress to Next Phase,Horsens,0 - 15 min,
52,53,1,657.6111751569999,680.6944741996668,O3 Break Through,O3 Break Through,Established Play,Wide Link Up Play,1st Half,Successful,"Cross, Shot, Set-Piece or Box Entry",Horsens,0 - 15 min,
53,54,1,674.3424230303337,703.9680789403336,O4 Finishing,O4 Finishing,Corner Kick,Front Area,1st Half,,,Horsens,0 - 15 min,
54,55,1,695.4620654540001,706.4620654540001,off corner,O2 Build Up,,O3 to O2,1st Half,Neutral,"Cross, Shot, Set-Piece or Box Entry",Horsens,,
55,56,1,702.1502288536665,745.341981754667,O2 Build Up,O2 Build Up,,O3 to O2,1st Half,Unsuccessful,Ball Loss --> D3 Press,Horsens,0 - 15 min,
56,57,1,746.9502893183336,775.3858388340005,O3 Break Through,O3 Break Through,Transition,D3 High Press on Opp. Half,1st Half,Successful,"Cross, Shot, Set-Piece or Box Entry",Horsens,0 - 15 min,
57,58,1,748.4054104033338,766.1186428160005,D3 High Pressing,,,D3 Press on Throw-In,1st Half,Successful,Direct to O3/O4 OFF Transit,Horsens,0 - 15 min,
58,59,1,757.4933080606665,778.7882007973336,O4 Finishing,O4 Finishing,,,1st Half,,,Horsens,0 - 15 min,
59,60,1,759.1962848746668,784.3145320840003,O4 Finishing,O4 Finishing,Transition,1v1,1st Half,Neutral,"Cross, Shot, Set-Piece or Box Entry",Horsens,0 - 15 min,
60,61,1,782.5290336436669,794.6974396933336,D3 High Pressing,,,D3 Goal Kick or Free Kick,1st Half,Neutral,Stay In Phase,Horsens,0 - 15 min,
61,62,1,791.6090172703338,809.9008298760004,D4 Defending the Box,,Established Play,Square Pass,1st Half,Neutral,"Cross, Shot, Set-Piece or Box Entry",Horsens,0 - 15 min,
62,63,1,792.6635281653333,806.7778790950001,D3 Middle / Lower Pressing,,,D3 From High to Med/Low,1st Half,Unsuccessful,"Cross, Shot, Set-Piece or Box Entry",Horsens,0 - 15 min,
63,64,1,807.9156576290002,830.4915877090002,D3 Middle / Lower Pressing,,,After Ball Loss,1st Half,Successful,"Intercept. -> Estab. (O1, O2, O3)",Horsens,0 - 15 min,
64,65,1,828.3943114020002,838.2019556076671,O1 Play from the Back,O1 Play from the Back,,O1 After Regain,1st Half,Unsuccessful,Ball Loss --> D3 Press,Horsens,0 - 15 min,
65,66,1,835.6678497923333,854.4787300330001,D4 Defending the Box,,Established Play,Chipball,1st Half,Neutral,"Cross, Shot, Set-Piece or Box Entry",Horsens,0 - 15 min,
66,67,1,836.5822308960003,850.5970003406671,D3 Middle / Lower Pressing,,,After Ball Loss,1st Half,Unsuccessful,"Cross, Shot, Set-Piece or Box Entry",Horsens,0 - 15 min,
67,68,1,853.7780151420002,861.4348599840005,D3 Middle / Lower Pressing,,,After Ball Loss,1st Half,Successful,"Intercept. -> Estab. (O1, O2, O3)",Horsens,0 - 15 min,
68,69,1,862.9533041316672,867.6468609536671,O2 Build Up,O2 Build Up,,O2 Throw-In,1st Half,Unsuccessful,Ball Loss --> D3 Press,Horsens,0 - 15 min,
69,70,1,867.2423758303332,875.4531777590003,D3 Middle / Lower Pressing,,,After Ball Loss,1st Half,Neutral,Stay In Phase,Horsens,0 - 15 min,
70,71,1,873.2764862223337,893.0711309056669,D3 High Pressing,,,D3 From Low/Med to High,1st Half,Successful,"Intercept. -> Estab. (O1, O2, O3)",Horsens,0 - 15 min,
71,72,1,890.9588184966667,903.0343261923333,O1 Play from the Back,O1 Play from the Back,,O1 After Regain,1st Half,Unsuccessful,Ball Loss --> D3 Press,Horsens,0 - 15 min,
72,73,1,903.747990799,923.5741361036669,D3 Middle / Lower Pressing,,,D3 Press on Throw-In,1st Half,Unsuccessful,"Cross, Shot, Set-Piece or Box Entry",Horsens,16 - 30 min,
73,74,1,908.4102512423083,927.878746538,D4 Defending the Box,,Established Play,Square Pass,1st Half,Neutral,"Cross, Shot, Set-Piece or Box Entry",Horsens,16 - 30 min,True
74,75,1,927.6345116316668,933.5412706263337,O1 Play from the Back,O1 Play from the Back,,O1 Goal Kick or Free Kick,1st Half,Successful,Progress to Next Phase,Horsens,16 - 30 min,True
75,76,1,931.3406185403335,986.496002088667,O2 Build Up,O2 Build Up,,O1 to O2,1st Half,Unsuccessful,Ball Loss --> D3 Press,Horsens,16 - 30 min,
76,77,1,942.1976147499968,970.1976147499968,O3 Break Through,O3 Break Through,Established Play,Wide Link Up Play,,Unsuccessful,Ball Loss --> D3 Press,Horsens,16 - 30 min,
77,78,1,986.0595919233335,1005.1764105716668,D3 High Pressing,,,D3 Goal Kick or Free Kick,1st Half,Successful,"Intercept. -> Estab. (O1, O2, O3)",Horsens,16 - 30 min,
78,79,1,1002.9424647643336,1036.630027315667,O2 Build Up,O2 Build Up,,O2 After Regain,1st Half,Successful,Progress to Next Phase,Horsens,16 - 30 min,
79,80,1,1013.2949069729984,1041.2949069729984,O3 Break Through,O3 Break Through,Established Play,Early Through Pass or Cross,,Unsuccessful,Ball Loss --> D3 Press,Horsens,16 - 30 min,
80,81,1,1041.055695679667,1052.3677183389998,D3 High Pressing,,,After Ball Loss,1st Half,Successful,"Intercept. -> Estab. (O1, O2, O3)",Horsens,16 - 30 min,
81,82,1,1050.9004999823335,1079.581989132,O2 Build Up,O2 Build Up,,O2 Throw-In,1st Half,Successful,Progress to Next Phase,Horsens,16 - 30 min,
82,83,1,1060.477809318667,1084.61508191,O3 Break Through,O3 Break Through,Established Play,Early Through Pass or Cross,1st Half,Unsuccessful,Ball Loss --> D3 Press,Horsens,16 - 30 min,
83,84,1,1097.2387498173334,1111.2480031863336,D3 High Pressing,,,D3 Goal Kick or Free Kick,1st Half,Neutral,Stay In Phase,Horsens,16 - 30 min,
84,85,1,1109.1907267023334,1133.8179697466667,D3 Middle / Lower Pressing,,,D3 From High to Med/Low,1st Half,Successful,"Intercept. -> Estab. (O1, O2, O3)",Horsens,16 - 30 min,
85,86,1,1143.5632262606666,1213.5174125510007,O2 Build Up,O2 Build Up,,O2 Free Kick,1st Half,Unsuccessful,Ball Loss --> D3 Press,Horsens,16 - 30 min,True
86,87,1,1214.7188232813337,1227.9121985626675,D3 High Pressing,,,After Ball Loss,1st Half,Successful,"Intercept. -> Estab. (O1, O2, O3)",Horsens,16 - 30 min,
87,88,1,1226.0937539736667,1275.5594879303344,O2 Build Up,O2 Build Up,,O2 After Regain,1st Half,Unsuccessful,Ball Loss --> D3 Press,Horsens,16 - 30 min,
88,89,1,1251.4939525003338,1266.4939525003338,O1 Play from the Back,O1 Play from the Back,,O2 to O1,,Successful,Progress to Next Phase,Horsens,16 - 30 min,
89,90,1,1267.9164562793335,1287.9461249610001,D1 Counterpress,,,After O2 build-up,1st Half,Neutral,Establishing Pressing,Horsens,16 - 30 min,
90,91,1,1275.802668446334,1311.8722082816673,O3 Break Through,O3 Break Through,Transition,D3 Win Ball Low/Middle,1st Half,Successful,"Cross, Shot, Set-Piece or Box Entry",Horsens,16 - 30 min,
91,92,1,1288.1162444444444,1318.1162444444444,Bench,,,,,,,Horsens,16 - 30 min,
92,93,1,1288.6022997636671,1294.860747684,D3 Middle / Lower Pressing,,,After Ball Loss,1st Half,Successful,Direct to O3/O4 OFF Transit,Horsens,16 - 30 min,
93,94,1,1292.9985093133334,1318.6051228290003,O4 Finishing,O4 Finishing,Transition,1v1,1st Half,Neutral,"Cross, Shot, Set-Piece or Box Entry",Horsens,16 - 30 min,
94,95,1,1317.1459956906665,1361.4206109413333,O2 Build Up,O2 Build Up,,O2 Throw-In,1st Half,Unsuccessful,Ball Loss --> D3 Press,Horsens,16 - 30 min,
95,96,1,1353.3691282036668,1365.0795560596669,D1 Counterpress,,,After O2 build-up,1st Half,Successful,"Intercept. -> Estab. (O1, O2, O3)",Horsens,16 - 30 min,
96,97,1,1362.9016938160005,1389.4734396996669,O2 Build Up,O2 Build Up,,O2 After Regain,1st Half,Unsuccessful,Ball Loss --> D3 Press,Horsens,16 - 30 min,True
97,98,1,1381.327092986,1404.609789687334,O3 Break Through,O3 Break Through,Transition,Transition After CP,1st Half,Successful,Lead to O4 chance,Horsens,16 - 30 min,
98,99,1,1382.0533645369997,1400.4816615443333,D1 Counterpress,,,After O2 build-up,1st Half,Successful,Direct to O3/O4 OFF Transit,Horsens,16 - 30 min,
99,100,1,1385.344654422334,1430.633761411,O4 Finishing,O4 Finishing,Transition,Through Pass,1st Half,Successful,Open Chance,Horsens,16 - 30 min,
100,101,1,1722.7762457266674,1749.6610987360004,O4 Finishing,O4 Finishing,Corner Kick,Back Area,1st Half,,,Horsens,16 - 30 min,
101,102,1,1730.722254023399,1748.4026361364388,off corner,O4 Finishing,Corner Kick,Back Area,1st Half,Neutral,"Cross, Shot, Set-Piece or Box Entry",Horsens,,True
102,103,1,1755.892349325333,1771.129799773729,D3 High Pressing,,,D3 Goal Kick or Free Kick,1st Half,Successful,"Intercept. -> Estab. (O1, O2, O3)",Horsens,16 - 30 min,True
103,104,1,1765.8992257770005,1812.1126932490004,O2 Build Up,O2 Build Up,,O2 After Regain,1st Half,Unsuccessful,Ball Loss --> D3 Press,Horsens,16 - 30 min,
104,105,1,1811.348862313334,1818.389599924,D3 High Pressing,,,After Ball Loss,1st Half,Successful,"Intercept. -> Estab. (O1, O2, O3)",Horsens,31 - 45 min,
105,106,1,1816.091889948,1826.7186920416668,O2 Build Up,O2 Build Up,,O2 After Regain,1st Half,Unsuccessful,Ball Loss --> D3 Press,Horsens,31 - 45 min,
106,107,1,1818.4761713746664,1832.158200737333,D1 Counterpress,,,After O2 build-up,1st Half,Successful,"Intercept. -> Estab. (O1, O2, O3)",Horsens,31 - 45 min,
107,108,1,1831.5471315213333,1855.2083181633338,O2 Build Up,O2 Build Up,,O2 After Regain,1st Half,Successful,Progress to Next Phase,Horsens,31 - 45 min,
108,109,1,1836.1108623826663,1876.385293348333,O3 Break Through,O3 Break Through,Established Play,,1st Half,Neutral,Keep The Ball,Horsens,31 - 45 min,
109,110,1,1874.2310848233333,1902.573687714667,O2 Build Up,O2 Build Up,,O3 to O2,1st Half,Unsuccessful,Ball Loss --> D3 Press,Horsens,31 - 45 min,
110,111,1,1895.3687250956673,1907.3898954710003,D1 Counterpress,,,After O2 build-up,1st Half,Successful,"Intercept. -> Estab. (O1, O2, O3)",Horsens,31 - 45 min,
111,112,1,1905.1173723486663,1932.3662619923334,O2 Build Up,O2 Build Up,,O2 After Regain,1st Half,Successful,Progress to Next Phase,Horsens,31 - 45 min,
112,113,1,1913.1172576359995,1937.8137262186665,O3 Break Through,O3 Break Through,Established Play,1v1 Wide / Halfspace,1st Half,Unsuccessful,Ball Loss --> D3 Press,Horsens,31 - 45 min,True
113,114,1,1916.010734945861,1954.2994238852298,Bench,,,,,,,Horsens,31 - 45 min,
114,115,1,1916.903739293584,2061.214143910226,Ndividual,,,,,,,Horsens,31 - 45 min,
115,116,1,1929.533420333666,1952.9145012530003,O3 Break Through,O3 Break Through,Established Play,Early Through Pass or Cross,1st Half,Successful,"Cross, Shot, Set-Piece or Box Entry",Horsens,31 - 45 min,
116,117,1,1933.714307954,1956.0385449309997,O4 Finishing,O4 Finishing,Established Play,Square Pass,1st Half,Neutral,"Cross, Shot, Set-Piece or Box Entry",Horsens,31 - 45 min,
117,118,1,1942.862240393334,1948.4743493936671,O2 Build Up,O2 Build Up,,O2 After Regain,1st Half,Successful,Progress to Next Phase,Horsens,31 - 45 min,
118,119,1,1957.866409054333,1994.9971250863332,O2 Build Up,O2 Build Up,,O2 After Regain,1st Half,Neutral,Stay In Phase,Horsens,31 - 45 min,
119,120,1,1992.7881287713335,2011.8760443066662,O2 Build Up,O2 Build Up,,O2 Throw-In,1st Half,Unsuccessful,Ball Loss --> D3 Press,Horsens,31 - 45 min,
120,121,1,2003.3609401820008,2024.4071794420001,D1 Counterpress,,,After O2 build-up,1st Half,Successful,"Intercept. -> Estab. (O1, O2, O3)",Horsens,31 - 45 min,
121,122,1,2005.4379424393337,2029.4386375480003,O3 Break Through,O3 Break Through,Throw In,Quick Restart,1st Half,Neutral,Keep The Ball,Horsens,31 - 45 min,
122,123,1,2027.5256265193334,2044.0534810256663,O2 Build Up,O2 Build Up,,O3 to O2,1st Half,Unsuccessful,Ball Loss --> D3 Press,Horsens,31 - 45 min,
123,124,1,2031.6577682536663,2055.338999414333,O3 Break Through,O3 Break Through,Transition,Transition After CP,1st Half,Successful,"Cross, Shot, Set-Piece or Box Entry",Horsens,31 - 45 min,
124,125,1,2036.1777379386667,2060.882820432,O4 Finishing,O4 Finishing,Transition,Square Pass,1st Half,Neutral,"Cross, Shot, Set-Piece or Box Entry",Horsens,31 - 45 min,
125,126,1,2036.83391485,2049.717020152,D1 Counterpress,,,After O2 build-up,1st Half,Successful,Direct to O3/O4 OFF Transit,Horsens,31 - 45 min,
126,127,1,2042.5758392063335,2067.384632210667,O4 Finishing,O4 Finishing,Established Play,Chipball,1st Half,Neutral,"Cross, Shot, Set-Piece or Box Entry",Horsens,31 - 45 min,
127,128,1,2060.9105339453336,2084.8643388100004,O3 Break Through,O3 Break Through,Transition,D3 High Press on Opp. Half,1st Half,Neutral,Keep The Ball,Horsens,31 - 45 min,
128,129,1,2063.5030313166376,2089.7790077299437,D3 High Pressing,,,After Ball Loss,1st Half,Successful,Direct to O3/O4 OFF Transit,Horsens,31 - 45 min,True
129,130,1,2082.8219084470006,2122.4170607383335,O2 Build Up,O2 Build Up,,O2 After Regain,1st Half,Neutral,Stay In Phase,Horsens,31 - 45 min,
130,131,1,2147.215186730001,2196.41635519239,O2 Build Up,O2 Build Up,,O2 Free Kick,1st Half,Successful,Progress to Next Phase,Horsens,31 - 45 min,True
131,132,1,2170.653117976333,2196.3082747299995,O3 Break Through,O3 Break Through,Established Play,Early Through Pass or Cross,1st Half,Successful,Lead to O4 chance,Horsens,31 - 45 min,
132,133,1,2177.0426197223333,2197.5190802581387,O4 Finishing,O4 Finishing,Established Play,Pass Infront of Backline,1st Half,Successful,Chance,Horsens,31 - 45 min,
133,134,1,2210.627568623333,2228.9199722893336,D3 High Pressing,,,D3 Goal Kick or Free Kick,1st Half,Neutral,Stay In Phase,Horsens,31 - 45 min,
134,135,1,2228.458847618666,2249.0893012746665,D3 Middle / Lower Pressing,,,D3 Goal Kick or Free Kick,1st Half,Neutral,Stay In Phase,Horsens,31 - 45 min,
135,136,1,2234.842602882292,2268.8489300632614,D3 High Pressing,,,D3 From Low/Med to High,1st Half,Successful,Direct to O3/O4 OFF Transit,Horsens,31 - 45 min,True
136,137,1,2246.357769380333,2272.6327499483327,O3 Break Through,O3 Break Through,Transition,D3 High Press on Opp. Half,1st Half,Successful,"Cross, Shot, Set-Piece or Box Entry",Horsens,31 - 45 min,
137,138,1,2296.023419835,2341.6609000946664,O2 Build Up,O2 Build Up,,O2 Free Kick,1st Half,Unsuccessful,Ball Loss --> D3 Press,Horsens,31 - 45 min,
138,139,1,2329.983199140333,2354.1839043620002,O3 Break Through,O3 Break Through,Transition,Transition After CP,1st Half,Unsuccessful,Ball Loss --> D3 Press,Horsens,31 - 45 min,True
139,140,1,2334.529026014666,2349.1612334573324,D1 Counterpress,,,After O2 build-up,1st Half,Successful,Direct to O3/O4 OFF Transit,Horsens,31 - 45 min,
140,141,1,2353.7161079789994,2368.2518166249993,D3 High Pressing,,,After Ball Loss,1st Half,Successful,"Intercept. -> Estab. (O1, O2, O3)",Horsens,31 - 45 min,
141,142,1,2368.0315304949995,2383.963129503608,O1 Play from the Back,O1 Play from the Back,,O1 After Regain,1st Half,Successful,Progress to Next Phase,Horsens,31 - 45 min,True
142,143,1,2376.8287307656665,2383.3191561593335,O2 Build Up,O2 Build Up,,O1 to O2,1st Half,Unsuccessful,Ball Loss --> D3 Press,Horsens,31 - 45 min,
143,144,1,2384.4817190906665,2406.2450592706664,D3 Middle / Lower Pressing,,,D3 Press on Throw-In,1st Half,Successful,"Intercept. -> Estab. (O1, O2, O3)",Horsens,31 - 45 min,
144,145,1,2394.0503444444444,2414.0503444444444,Ndividual,,,,,,,Horsens,31 - 45 min,True
145,146,1,2405.250648092999,2412.699143028666,O2 Build Up,O2 Build Up,,O2 After Regain,1st Half,Unsuccessful,Ball Loss --> D3 Press,Horsens,31 - 45 min,
146,147,1,2411.1211060963333,2427.3587493729997,D3 High Pressing,,,After Ball Loss,1st Half,Successful,"Intercept. -> Estab. (O1, O2, O3)",Horsens,31 - 45 min,
147,148,1,2425.0295340156663,2460.716673494334,O2 Build Up,O2 Build Up,,O2 After Regain,1st Half,Successful,Progress to Next Phase,Horsens,31 - 45 min,
148,149,1,2441.418912091333,2464.3742243873326,O3 Break Through,O3 Break Through,Established Play,Early Through Pass or Cross,1st Half,Unsuccessful,Ball Loss --> D3 Press,Horsens,31 - 45 min,
149,150,1,2469.598357998,2509.7209979989993,D3 Middle / Lower Pressing,,,D3 Goal Kick or Free Kick,1st Half,Neutral,Stay In Phase,Horsens,31 - 45 min,True
150,151,1,2508.860392336,2513.3555376103336,D3 Middle / Lower Pressing,,,,1st Half,,,Horsens,31 - 45 min,
151,152,1,2511.121793269666,2527.8327863446666,D3 Middle / Lower Pressing,,,D3 Press on Throw-In,1st Half,Neutral,Stay In Phase,Horsens,31 - 45 min,
152,153,1,2527.3964584376663,2565.618909031666,D3 Middle / Lower Pressing,,,D3 Press on Throw-In,1st Half,Unsuccessful,"Cross, Shot, Set-Piece or Box Entry",Horsens,31 - 45 min,
153,154,1,2551.000838992,2569.6365323179994,D4 Defending the Box,,Established Play,Chipball,1st Half,Neutral,"Cross, Shot, Set-Piece or Box Entry",Horsens,31 - 45 min,True
154,155,1,2567.794031633,2587.4139795606666,D3 Middle / Lower Pressing,,,After Ball Loss,1st Half,Successful,Direct to O3/O4 OFF Transit,Horsens,31 - 45 min,
155,156,1,2569.1796287386665,2593.8600189333342,O3 Break Through,O3 Break Through,Transition,D3 Win Ball Low/Middle,1st Half,Unsuccessful,Ball Loss --> D3 Press,Horsens,31 - 45 min,
156,157,1,2607.8529014489995,2618.024009204,D3 High Pressing,,,D3 Press on Throw-In,1st Half,Successful,"Intercept. -> Estab. (O1, O2, O3)",Horsens,31 - 45 min,
157,158,1,2615.9268519313337,2646.826550605957,O1 Play from the Back,O1 Play from the Back,,O1 After Regain,1st Half,Successful,Progress to Next Phase,Horsens,31 - 45 min,True
158,159,1,2617.077779507061,2671.6583333333338,Bench,,,,,,,Horsens,31 - 45 min,True
159,160,1,2636.543360504334,2664.0267482109994,O2 Build Up,O2 Build Up,,O1 to O2,1st Half,Successful,Progress to Next Phase,Horsens,31 - 45 min,
160,161,1,2644.7654244094447,2671.137353645667,O3 Break Through,O3 Break Through,Established Play,Early Through Pass or Cross,1st Half,Successful,"Cross, Shot, Set-Piece or Box Entry",Horsens,31 - 45 min,
161,162,1,2651.9031086969994,2675.2014841220002,O4 Finishing,O4 Finishing,Established Play,Square Pass,1st Half,Neutral,"Cross, Shot, Set-Piece or Box Entry",Horsens,31 - 45 min,True
162,163,1,2665.351726207,2685.351726207,Ndividual,,,,,,,Horsens,31 - 45 min,True
163,164,1,2677.160296454333,2706.1651830889996,O3 Break Through,O3 Break Through,Transition,D3 High Press on Opp. Half,1st Half,Successful,"Cross, Shot, Set-Piece or Box Entry",Horsens,31 - 45 min,
164,165,1,2682.372808626667,2696.264755739999,D3 High Pressing,,,D3 Goal Kick or Free Kick,1st Half,Successful,Direct to O3/O4 OFF Transit,Horsens,31 - 45 min,
165,166,1,2694.1506957283327,2751.1998308339994,O4 Finishing,O4 Finishing,Corner Kick,Front Area,1st Half,Neutral,"Cross, Shot, Set-Piece or Box Entry",Horsens,45+ min,
166,167,1,2739.121299779333,2763.673757992666,O3 Break Through,O3 Break Through,Established Play,1v1 Wide / Halfspace,1st Half,Successful,"Cross, Shot, Set-Piece or Box Entry",Horsens,45+ min,
167,168,1,2740.0985281760004,2750.90625019693,off corner,,,Front Area,1st Half,,,Horsens,,True
168,169,1,2744.6012583113334,2767.140610878333,O4 Finishing,O4 Finishing,Established Play,1v1,1st Half,Neutral,"Cross, Shot, Set-Piece or Box Entry",Horsens,45+ min,
169,170,1,2752.325009506333,2777.1322712606657,O3 Break Through,O3 Break Through,Established Play,Wide Link Up Play,1st Half,Successful,"Cross, Shot, Set-Piece or Box Entry",Horsens,45+ min,
170,171,1,2753.5578146709995,2758.2834553529997,O2 Build Up,O2 Build Up,,O2 After Regain,1st Half,Successful,Progress to Next Phase,Horsens,45+ min,
171,172,1,2758.0929257509993,2780.717563706667,O4 Finishing,O4 Finishing,Established Play,Cutback,1st Half,Neutral,"Cross, Shot, Set-Piece or Box Entry",Horsens,45+ min,
172,173,1,2765.1546444146666,2771.317068151333,O2 Build Up,O2 Build Up,,O2 After Regain,1st Half,Successful,Progress to Next Phase,Horsens,45+ min,
173,174,1,2769.887633797667,2808.8482957813335,O4 Finishing,O4 Finishing,Corner Kick,Short Variation,1st Half,Successful,Chance,Horsens,45+ min,
174,175,1,2791.0316139076663,2807.1284729916815,off corner,,,Short Variation,1st Half,,,Horsens,,True
175,176,1,2817.1452482063337,2845.840466605333,O3 Break Through,O3 Break Through,Transition,D3 Win Ball Low/Middle,1st Half,Successful,"Cross, Shot, Set-Piece or Box Entry",Horsens,45+ min,
176,177,1,2821.6783953156673,2835.6203245630004,D3 Middle / Lower Pressing,,,D3 Goal Kick or Free Kick,1st Half,Successful,Direct to O3/O4 OFF Transit,Horsens,45+ min,
177,178,1,2826.6817138119995,2866.1060830056667,O4 Finishing,O4 Finishing,Transition,Chipball,1st Half,Neutral,"Cross, Shot, Set-Piece or Box Entry",Horsens,45+ min,
178,179,1,2892.2727,2912.2727,Ndividual,,,,,,,Horsens,45+ min,True
179,180,1,2940.8910451819997,2960.241261811667,D3 Middle / Lower Pressing,,,D3 Goal Kick or Free Kick,1st Half,Successful,"Intercept. -> Estab. (O1, O2, O3)",Horsens,45+ min,
180,181,1,2965.6948992409993,3000.7768135713336,O2 Build Up,O2 Build Up,,O2 Free Kick,1st Half,Successful,Progress to O4,Horsens,45+ min,
181,182,1,2981.687908026,3004.4669665873334,O4 Finishing,O4 Finishing,Established Play,Pass Infront of Backline,1st Half,Neutral,"Cross, Shot, Set-Piece or Box Entry",Horsens,45+ min,
182,183,1,3010.823579055666,3039.274072708333,D3 Middle / Lower Pressing,,,D3 Goal Kick or Free Kick,1st Half,Successful,"Intercept. -> Estab. (O1, O2, O3)",Horsens,45+ min,
183,184,1,3037.7912943013334,3047.9071989510003,O2 Build Up,O2 Build Up,,O2 After Regain,1st Half,Unsuccessful,Ball Loss --> D3 Press,Horsens,45+ min,
184,185,1,3039.568331861333,3051.859923961333,D1 Counterpress,,,After O2 build-up,1st Half,Neutral,Establishing Pressing,Horsens,45+ min,
185,186,1,3050.393414065667,3062.4764249701143,D3 Middle / Lower Pressing,,,After Ball Loss,1st Half,Neutral,Stay In Phase,Horsens,45+ min,
186,187,1,3064.5748980229814,6077.679561386173,KO,,,,2nd Half,,,Horsens,90+ min,
187,188,1,3064.7165043566083,3113.594962025542,O4 Finishing,O4 Finishing,Transition,1v1,2nd Half,Successful,Chance,Horsens,46 - 60 min,True
188,189,1,3066.862702903446,3091.701698619841,O3 Break Through,O3 Break Through,Transition,D3 Win Ball Low/Middle,2nd Half,Successful,Lead to O4 chance,Horsens,46 - 60 min,
189,190,1,3067.4762321543226,3081.1462135575057,D3 Middle / Lower Pressing,,,D3 Goal Kick or Free Kick,2nd Half,Successful,"Intercept. -> Estab. (O1, O2, O3)",Horsens,46 - 60 min,
190,191,1,3112.205403077173,3117.3211670288397,D3 High Pressing,,,D3 Goal Kick or Free Kick,2nd Half,Neutral,Stay In Phase,Horsens,46 - 60 min,
191,192,1,3115.176234441507,3129.6087596251728,D3 Middle / Lower Pressing,,,D3 From High to Med/Low,2nd Half,Successful,"Intercept. -> Estab. (O1, O2, O3)",Horsens,46 - 60 min,
192,193,1,3127.9349188905057,3141.90560049684,O1 Play from the Back,O1 Play from the Back,,O1 After Regain,2nd Half,Successful,Progress to Next Phase,Horsens,46 - 60 min,True
193,194,1,3139.4005975001733,3153.441314490173,D1 Counterpress,,,After O2 build-up,2nd Half,Successful,"Intercept. -> Estab. (O1, O2, O3)",Horsens,46 - 60 min,
194,195,1,3140.712640646173,3147.3156956128396,O2 Build Up,O2 Build Up,,O1 to O2,2nd Half,Unsuccessful,Ball Loss --> D3 Press,Horsens,46 - 60 min,
195,196,1,3152.1593701445063,3166.8729940281733,O1 Play from the Back,O1 Play from the Back,,O1 After Regain,2nd Half,Unsuccessful,Ball Loss --> D3 Press,Horsens,46 - 60 min,
196,197,1,3167.038215763839,3202.7249640128393,D3 Middle / Lower Pressing,,,D3 Press on Throw-In,2nd Half,Successful,"Intercept. -> Estab. (O1, O2, O3)",Horsens,46 - 60 min,True
197,198,1,3193.716720423506,3221.2894672148395,O3 Break Through,O3 Break Through,Established Play,1v1 Wide / Halfspace,2nd Half,Successful,"Cross, Shot, Set-Piece or Box Entry",Horsens,46 - 60 min,
198,199,1,3200.7158765461736,3212.9423183988397,O2 Build Up,O2 Build Up,,O2 After Regain,2nd Half,Successful,Progress to Next Phase,Horsens,46 - 60 min,
199,200,1,3238.53492067784,3285.132742483173,O4 Finishing,O4 Finishing,Direct Free Kick,"Long Range + 23,5 m",2nd Half,,,Horsens,46 - 60 min,
200,201,1,3276.6285211408403,3287.6285211408403,off free kick,,,,2nd Half,Successful,Chance,Horsens,,
201,202,1,3293.5691656865065,3326.1803054785064,O3 Break Through,O3 Break Through,Throw In,Short Throw-In,2nd Half,Neutral,Keep The Ball,Horsens,46 - 60 min,
202,203,1,3294.982458325506,3310.1263464085064,D1 Counterpress,,,After O3/O4,2nd Half,Successful,"Intercept. -> Estab. (O1, O2, O3)",Horsens,46 - 60 min,
203,204,1,3319.365605973839,3344.6211131285063,O4 Finishing,O4 Finishing,Established Play,Square Pass,2nd Half,Neutral,"Cross, Shot, Set-Piece or Box Entry",Horsens,46 - 60 min,
204,205,1,3323.9781410865066,3337.887897825507,O2 Build Up,O2 Build Up,,O2 Throw-In,2nd Half,Successful,Progress to O4,Horsens,46 - 60 min,
205,206,1,3343.409941043173,3364.1717374391733,D3 High Pressing,,,After Ball Loss,2nd Half,Neutral,Stay In Phase,Horsens,46 - 60 min,
206,207,1,3363.0160217738403,3385.8989736971735,O3 Break Through,O3 Break Through,Transition,D3 High Press on Opp. Half,2nd Half,Successful,"Cross, Shot, Set-Piece or Box Entry",Horsens,46 - 60 min,
207,208,1,3364.493913780173,3382.153858781173,D3 High Pressing,,,After Ball Loss,2nd Half,Successful,Direct to O3/O4 OFF Transit,Horsens,46 - 60 min,
208,209,1,3386.1598177431733,3419.0694358955056,O4 Finishing,O4 Finishing,Lateral Free Kick,Back Area,2nd Half,Neutral,"Cross, Shot, Set-Piece or Box Entry",Horsens,46 - 60 min,
209,210,1,3406.0276122861733,3417.0276122861733,off free kick,,,,2nd Half,,,Horsens,,
210,211,1,3412.6638444515065,3425.8987189041723,D1 Counterpress,,,After O3/O4,2nd Half,Neutral,Establishing Pressing,Horsens,46 - 60 min,
211,212,1,3428.5631713995067,3449.2350960941735,D3 Middle / Lower Pressing,,,D3 Goal Kick or Free Kick,2nd Half,Neutral,Stay In Phase,Horsens,46 - 60 min,
212,213,1,3449.64839635184,3468.1882831908392,D4 Defending the Box,,Established Play,Chipball,2nd Half,Neutral,"Cross, Shot, Set-Piece or Box Entry",Horsens,46 - 60 min,
213,214,1,3450.018450971173,3464.5758559221736,D3 Middle / Lower Pressing,,,D3 Press on Throw-In,2nd Half,Unsuccessful,"Cross, Shot, Set-Piece or Box Entry",Horsens,46 - 60 min,
214,215,1,3456.757087239173,3494.9676074428403,D4 Defending the Box,,Throw In,Long Throw,2nd Half,Successful,Intercepted by Defence,Horsens,46 - 60 min,
215,216,1,3481.9594157036913,3528.6634222222224,Bench,,,,,,,Horsens,46 - 60 min,
216,217,1,3488.074465656173,3524.1910380628397,O3 Break Through,O3 Break Through,Throw In,Quick Restart,2nd Half,Successful,"Cross, Shot, Set-Piece or Box Entry",Horsens,46 - 60 min,
217,218,1,3493.5973175708396,3503.09853509584,O1 Play from the Back,O1 Play from the Back,,O1 After Regain,2nd Half,Unsuccessful,Ball Loss --> D3 Press,Horsens,46 - 60 min,
218,219,1,3493.9450528441726,3506.9239148831734,D1 Counterpress,,,After O1 build-up,2nd Half,Successful,"Intercept. -> Estab. (O1, O2, O3)",Horsens,46 - 60 min,
219,220,1,3505.038563444173,3529.191589381507,O4 Finishing,O4 Finishing,Established Play,Square Pass,2nd Half,Neutral,"Cross, Shot, Set-Piece or Box Entry",Horsens,46 - 60 min,
220,221,1,3510.6130089001736,3535.293938198173,O3 Break Through,O3 Break Through,Throw In,Quick Restart,2nd Half,Successful,"Cross, Shot, Set-Piece or Box Entry",Horsens,46 - 60 min,
221,222,1,3516.1007716391737,3538.361155952506,O4 Finishing,O4 Finishing,Established Play,Square Pass,2nd Half,Neutral,"Cross, Shot, Set-Piece or Box Entry",Horsens,46 - 60 min,
222,223,1,3539.282031297173,3556.5068336635063,D3 High Pressing,,,After Ball Loss,2nd Half,Successful,"Intercept. -> Estab. (O1, O2, O3)",Horsens,46 - 60 min,
223,224,1,3558.9301524398393,3579.7509045035067,O2 Build Up,O2 Build Up,,O2 Throw-In,2nd Half,Unsuccessful,Ball Loss --> D3 Press,Horsens,46 - 60 min,
224,225,1,3580.7773300905064,3603.4000128848397,D3 Middle / Lower Pressing,,,D3 Press on Throw-In,2nd Half,Neutral,Stay In Phase,Horsens,46 - 60 min,
225,226,1,3589.4358613153245,3620.2272535572615,D3 High Pressing,,,D3 From Low/Med to High,2nd Half,Successful,"Intercept. -> Estab. (O1, O2, O3)",Horsens,46 - 60 min,True
226,227,1,3613.3092488285065,3645.8223406145066,O2 Build Up,O2 Build Up,,O2 Throw-In,2nd Half,Successful,Progress to Next Phase,Horsens,46 - 60 min,
227,228,1,3627.05157957684,3652.5705498101734,O3 Break Through,O3 Break Through,Established Play,Early Through Pass or Cross,2nd Half,Successful,"Cross, Shot, Set-Piece or Box Entry",Horsens,46 - 60 min,
228,229,1,3633.4667456235056,3656.5972861875057,O4 Finishing,O4 Finishing,Established Play,Chipball,2nd Half,Neutral,"Cross, Shot, Set-Piece or Box Entry",Horsens,46 - 60 min,
229,230,1,3660.74573158184,3689.3012851791727,D3 Middle / Lower Pressing,,,D3 Goal Kick or Free Kick,2nd Half,Unsuccessful,"Cross, Shot, Set-Piece or Box Entry",Horsens,46 - 60 min,
230,231,1,3668.2097882890657,3715.221666666667,Bench,,,,,,,Horsens,46 - 60 min,True
231,232,1,3689.0891428131736,3726.0344651841724,D4 Defending the Box,,Corner Kick,Front Area,2nd Half,Successful,OFF Transition,Horsens,46 - 60 min,
232,233,1,3707.6248095195065,3761.3543414238393,O3 Break Through,O3 Break Through,Transition,After D4 Def. Box,2nd Half,Neutral,Keep The Ball,Horsens,46 - 60 min,
233,234,1,3712.2420321101727,3733.984635851119,def corner,,,,2nd Half,,,Horsens,,True
234,235,1,3773.1777595101726,3807.9167981335063,O2 Build Up,O2 Build Up,,O2 Free Kick,2nd Half,Neutral,Stay In Phase,Horsens,46 - 60 min,True
235,236,1,3792.3821247885057,3833.25872816384,O3 Break Through,O3 Break Through,Throw In,Short Throw-In,2nd Half,Unsuccessful,Ball Loss --> D3 Press,Horsens,46 - 60 min,True
236,237,1,3826.205757409506,3855.680706859173,D1 Counterpress,,,After O3/O4,2nd Half,Unsuccessful,"Cross, Shot, Set-Piece or Box Entry",Horsens,46 - 60 min,
237,238,1,3853.932055414173,3892.1499968455064,D4 Defending the Box,,Lateral Free Kick,Back Area,2nd Half,,,Horsens,46 - 60 min,
238,239,1,3882.691263419173,3893.691263419173,def free kick,,,Back Area,2nd Half,Successful,Intercepted by Defence,Horsens,,
239,240,1,3891.676869488506,3903.8459715175068,O1 Play from the Back,O1 Play from the Back,,O1 Goal Kick or Free Kick,2nd Half,Unsuccessful,Ball Loss --> D3 Press,Horsens,46 - 60 min,
240,241,1,3896.302267077799,3921.4885111111107,Ndividual,,,,,,,Horsens,46 - 60 min,True
241,242,1,3903.5451352325063,3920.311974964173,D3 Middle / Lower Pressing,,,After Ball Loss,2nd Half,Unsuccessful,"Cross, Shot, Set-Piece or Box Entry",Horsens,46 - 60 min,True
242,243,1,3920.9328085828392,3960.1912366981724,D4 Defending the Box,,Corner Kick,Back Area,2nd Half,Neutral,"Cross, Shot, Set-Piece or Box Entry",Horsens,46 - 60 min,
243,244,1,3942.490763208173,3962.772762490233,def corner,,,,2nd Half,,,Horsens,,
244,245,1,3961.8075445978393,4026.7632999548396,D3 Middle / Lower Pressing,,,D3 Press on Throw-In,2nd Half,Neutral,Stay In Phase,Horsens,61 - 75 min,
245,246,1,4007.1371,4027.1371,Ndividual,,,,,,,Horsens,61 - 75 min,True
246,247,1,4027.2301346481727,4052.4328388205067,D3 High Pressing,,,After Ball Loss,2nd Half,Neutral,Stay In Phase,Horsens,61 - 75 min,
247,248,1,4050.3277048885057,4063.943428204506,D3 Middle / Lower Pressing,,,D3 From High to Med/Low,2nd Half,Successful,"Intercept. -> Estab. (O1, O2, O3)",Horsens,61 - 75 min,
248,249,1,4057.6389509538394,4077.7286116251726,D4 Defending the Box,,Transition,Chipball,2nd Half,Neutral,"Cross, Shot, Set-Piece or Box Entry",Horsens,61 - 75 min,
249,250,1,4064.0105411018385,4072.1136408328393,O2 Build Up,O2 Build Up,,O2 After Regain,2nd Half,Unsuccessful,Ball Loss --> D4 Defend The Box,Horsens,61 - 75 min,
250,251,1,4076.2623409391726,4104.004728886839,D3 Middle / Lower Pressing,,,After Ball Loss,2nd Half,Neutral,Stay In Phase,Horsens,61 - 75 min,
251,252,1,4103.384127371173,4126.312323606507,D3 Middle / Lower Pressing,,,D3 Press on Throw-In,2nd Half,Successful,"Intercept. -> Estab. (O1, O2, O3)",Horsens,61 - 75 min,
252,253,1,4106.3982657503275,4133.1996567920005,D4 Defending the Box,,Established Play,Chipball,,Successful,Intercepted by Defence,Horsens,61 - 75 min,
253,254,1,4125.501282425506,4162.006820160839,O1 Play from the Back,O1 Play from the Back,,O1 After Regain,2nd Half,Successful,Progress to Next Phase,Horsens,,
254,255,1,4137.135237193861,4173.7233444444455,Bench,,,,,,,Horsens,61 - 75 min,True
255,256,1,4145.576875678838,4171.501972537173,O3 Break Through,O3 Break Through,,,2nd Half,Successful,Lead to O4 chance,Horsens,61 - 75 min,
256,257,1,4159.200271599173,4187.976888884173,O4 Finishing,O4 Finishing,Established Play,Through Pass,2nd Half,Successful,Chance,Horsens,61 - 75 min,
257,258,1,4159.76568741584,4164.5471862211725,O2 Build Up,O2 Build Up,,O1 to O2,2nd Half,Successful,Progress to Next Phase,Horsens,61 - 75 min,
258,259,1,4169.9892848808395,4221.311587078507,O4 Finishing,O4 Finishing,Corner Kick,Front Area,2nd Half,Neutral,"Cross, Shot, Set-Piece or Box Entry",Horsens,61 - 75 min,
259,260,1,4209.28845895884,4220.28845895884,off corner,,,Front Area,2nd Half,,,Horsens,,
260,261,1,4226.287431367173,4250.962457588507,O2 Build Up,O2 Build Up,,O2 Throw-In,2nd Half,Unsuccessful,Ball Loss --> D3 Press,Horsens,61 - 75 min,
261,262,1,4235.152245364781,4274.5330530355295,O3 Break Through,O3 Break Through,Transition,Transition After CP,2nd Half,Successful,Lead to O4 chance,Horsens,61 - 75 min,True
262,263,1,4237.561887080115,4283.002453073506,O4 Finishing,O4 Finishing,Transition,1v1,2nd Half,Successful,Open Chance,Horsens,61 - 75 min,True
263,264,1,4242.016080635506,4262.873380366506,D1 Counterpress,,,After O2 build-up,2nd Half,Successful,Direct to O3/O4 OFF Transit,Horsens,61 - 75 min,
264,265,1,4244.522998085198,4380.387543288174,Goal FCN,,,Penalty (->Transition),2nd Half,,,Horsens,,
265,266,1,4266.702854928424,4376.883755756296,Bench,,,,,,,Horsens,61 - 75 min,True
266,267,1,4502.479736737173,4539.013209730506,D3 Middle / Lower Pressing,,,D3 Goal Kick or Free Kick,2nd Half,Unsuccessful,"Cross, Shot, Set-Piece or Box Entry",Horsens,61 - 75 min,
267,268,1,4519.932610797905,4547.539394166092,D4 Defending the Box,,Established Play,Pass Infront of Backline,2nd Half,Neutral,"Cross, Shot, Set-Piece or Box Entry",Horsens,61 - 75 min,True
268,269,1,4539.257769543377,4575.859456369173,O3 Break Through,O3 Break Through,Transition,D3 Win Ball Low/Middle,2nd Half,Unsuccessful,Ball Loss --> D4 Defend The Box,Horsens,61 - 75 min,True
269,270,1,4543.56021551584,4557.177788823507,D3 Middle / Lower Pressing,,,After Ball Loss,2nd Half,Successful,Direct to O3/O4 OFF Transit,Horsens,61 - 75 min,
270,271,1,4561.792836867174,4581.84961189384,D4 Defending the Box,,Transition,Chipball,2nd Half,Neutral,"Cross, Shot, Set-Piece or Box Entry",Horsens,61 - 75 min,
271,272,1,4581.668381298172,4602.430514832172,O2 Build Up,O2 Build Up,,O2 Free Kick,2nd Half,Unsuccessful,Ball Loss --> D3 Press,Horsens,61 - 75 min,True
272,273,1,4602.896265667506,4628.559270327506,D3 Middle / Lower Pressing,,,D3 Press on Throw-In,2nd Half,Neutral,Stay In Phase,Horsens,61 - 75 min,
273,274,1,4626.357920727507,4654.014429025851,D3 High Pressing,,,D3 From Low/Med to High,2nd Half,Successful,"Intercept. -> Estab. (O1, O2, O3)",Horsens,61 - 75 min,True
274,275,1,4640.046443309173,4664.479023928839,O2 Build Up,O2 Build Up,,O2 After Regain,2nd Half,Successful,Progress to Next Phase,Horsens,61 - 75 min,
275,276,1,4645.30628967684,4676.968437597174,O3 Break Through,O3 Break Through,Established Play,Wide Link Up Play,2nd Half,Successful,"Cross, Shot, Set-Piece or Box Entry",Horsens,61 - 75 min,
276,277,1,4657.790885866839,4680.681963267841,O4 Finishing,O4 Finishing,Established Play,Chipball,2nd Half,Neutral,"Cross, Shot, Set-Piece or Box Entry",Horsens,61 - 75 min,
277,278,1,4685.600642194507,4715.76120896184,O3 Break Through,O3 Break Through,Transition,D3 Win Ball Low/Middle,2nd Half,Unsuccessful,Ball Loss --> D3 Press,Horsens,61 - 75 min,
278,279,1,4685.668256772506,4690.960628438505,D3 High Pressing,,,D3 Goal Kick or Free Kick,2nd Half,Neutral,Stay In Phase,Horsens,61 - 75 min,True
279,280,1,4689.628804560506,4704.761072070173,D3 Middle / Lower Pressing,,,D3 From High to Med/Low,2nd Half,Successful,Direct to O3/O4 OFF Transit,Horsens,61 - 75 min,
280,281,1,4750.135814111841,4756.71506584784,D3 Middle / Lower Pressing,,,After Ball Loss,2nd Half,Successful,"Intercept. -> Estab. (O1, O2, O3)",Horsens,61 - 75 min,
281,282,1,4772.456880721507,4780.920674228172,O2 Build Up,O2 Build Up,,O2 Throw-In,2nd Half,Unsuccessful,Ball Loss --> D3 Press,Horsens,61 - 75 min,
282,283,1,4810.873378800173,4818.912086611172,D3 Middle / Lower Pressing,,,D3 Goal Kick or Free Kick,2nd Half,Neutral,Stay In Phase,Horsens,61 - 75 min,
283,284,1,4815.740866666667,4845.740866666667,Bench,,,,,,,Horsens,61 - 75 min,True
284,285,1,4816.839868295839,4830.567049058172,D3 High Pressing,,,D3 From Low/Med to High,2nd Half,Neutral,Stay In Phase,Horsens,61 - 75 min,
285,286,1,4828.541908143506,4844.4637411698395,D3 Middle / Lower Pressing,,,D3 From High to Med/Low,2nd Half,Successful,"Intercept. -> Estab. (O1, O2, O3)",Horsens,61 - 75 min,
286,287,1,4842.294207878506,4875.231641573174,O2 Build Up,O2 Build Up,,O2 After Regain,2nd Half,Successful,Progress to Next Phase,Horsens,61 - 75 min,True
287,288,1,4854.512704350431,4874.514233944114,O1 Play from the Back,O1 Play from the Back,,O2 to O1,,Successful,Progress to Next Phase,Horsens,,True
288,289,1,4855.990889573504,4899.057578008506,O3 Break Through,O3 Break Through,Established Play,Early Through Pass or Cross,2nd Half,Neutral,Keep The Ball,Horsens,61 - 75 min,
289,290,1,4897.255744836505,4905.962310305173,O2 Build Up,O2 Build Up,,O2 Throw-In,2nd Half,Unsuccessful,Ball Loss --> D3 Press,Horsens,76 - 90 min,
290,291,1,4900.012003332856,4924.917252307506,D3 High Pressing,,,After Ball Loss,2nd Half,Neutral,Stay In Phase,Horsens,76 - 90 min,True
291,292,1,4905.015844121896,4967.718987139961,O3 Break Through,O3 Break Through,Transition,D3 Win Ball Low/Middle,2nd Half,Successful,"Cross, Shot, Set-Piece or Box Entry",Horsens,76 - 90 min,True
292,293,1,4923.585882368175,4962.955361678818,D3 Middle / Lower Pressing,,,D3 Press on Throw-In,2nd Half,Successful,Direct to O3/O4 OFF Transit,Horsens,76 - 90 min,True
293,294,1,5167.906081092507,5221.299904170174,O4 Finishing,O4 Finishing,Direct Free Kick,"Middle 20,5 - 23 m",2nd Half,,,Horsens,76 - 90 min,
294,295,1,5199.432471401949,5223.074724970307,off free kick,,,,2nd Half,Neutral,"Cross, Shot, Set-Piece or Box Entry",Horsens,,True
295,296,1,5226.798802121507,5253.17549328284,D3 Middle / Lower Pressing,,,D3 Goal Kick or Free Kick,2nd Half,Successful,Direct to O3/O4 OFF Transit,Horsens,76 - 90 min,
296,297,1,5234.228737488505,5261.204186369505,O3 Break Through,O3 Break Through,Transition,D3 Win Ball Low/Middle,2nd Half,Successful,"Cross, Shot, Set-Piece or Box Entry",Horsens,76 - 90 min,True
297,298,1,5241.995763409507,5264.91904948284,O4 Finishing,O4 Finishing,Transition,Square Pass,2nd Half,Neutral,"Cross, Shot, Set-Piece or Box Entry",Horsens,76 - 90 min,
298,299,1,5265.636091577174,5296.141550983839,O4 Finishing,O4 Finishing,Corner Kick,Front Area,2nd Half,,,Horsens,76 - 90 min,
299,300,1,5284.837169240358,5293.386366161616,off corner,,,Front Area,2nd Half,Neutral,"Cross, Shot, Set-Piece or Box Entry",Horsens,,True
300,301,1,5288.708483152174,5306.504688605507,D1 Counterpress,,,After O3/O4,2nd Half,Successful,"Intercept. -> Estab. (O1, O2, O3)",Horsens,76 - 90 min,
301,302,1,5304.678575150839,5317.272319999506,O2 Build Up,O2 Build Up,,O2 Throw-In,2nd Half,Unsuccessful,Ball Loss --> D3 Press,Horsens,76 - 90 min,
302,303,1,5320.208722759841,5366.788364902507,D3 High Pressing,,,After Ball Loss,2nd Half,Successful,"Intercept. -> Estab. (O1, O2, O3)",Horsens,76 - 90 min,
303,304,1,5351.172679672174,5389.393008687951,O3 Break Through,O3 Break Through,Established Play,1v1 Wide / Halfspace,2nd Half,Successful,Lead to O4 chance,Horsens,76 - 90 min,True
304,305,1,5365.3454745555055,5370.295176314505,O2 Build Up,O2 Build Up,,O2 After Regain,2nd Half,Successful,Progress to Next Phase,Horsens,76 - 90 min,
305,306,1,5367.14115981984,5394.3129276455065,O4 Finishing,O4 Finishing,Established Play,1v1,2nd Half,Successful,Chance,Horsens,76 - 90 min,
306,307,1,5378.418614315172,5430.467797841507,O4 Finishing,O4 Finishing,Corner Kick,Front Area,2nd Half,Neutral,"Cross, Shot, Set-Piece or Box Entry",Horsens,76 - 90 min,
307,308,1,5418.5402106755055,5445.854683733506,O3 Break Through,O3 Break Through,Established Play,Wide Link Up Play,2nd Half,Unsuccessful,Ball Loss --> D3 Press,Horsens,76 - 90 min,
308,309,1,5418.697675199507,5429.697675199507,off corner,,,Front Area,2nd Half,,,Horsens,,
309,310,1,5429.594803458332,5456.398805749661,O4 Finishing,O4 Finishing,Established Play,1v1,,Neutral,"Cross, Shot, Set-Piece or Box Entry",Horsens,76 - 90 min,
310,311,1,5437.418810158173,5452.163916181841,D1 Counterpress,,,After O3/O4,2nd Half,Successful,Direct to O3/O4 OFF Transit,Horsens,76 - 90 min,
311,312,1,5437.724112663506,5468.188175538173,O3 Break Through,O3 Break Through,Established Play,Wide Link Up Play,2nd Half,Neutral,Keep The Ball,Horsens,76 - 90 min,True
312,313,1,5465.97644855984,5477.512987514172,O2 Build Up,O2 Build Up,,O3 to O2,2nd Half,Unsuccessful,Ball Loss --> D3 Press,Horsens,76 - 90 min,
313,314,1,5471.130550289506,5489.111755982506,D2 Finding Balance,,,After Ball Loss,2nd Half,Successful,"Intercept. -> Estab. (O1, O2, O3)",Horsens,76 - 90 min,
314,315,1,5488.307863078506,5496.332286177506,O1 Play from the Back,O1 Play from the Back,,O1 Throw-In,2nd Half,Successful,Progress to Next Phase,Horsens,76 - 90 min,
315,316,1,5494.098964535507,5542.9636491535075,O2 Build Up,O2 Build Up,,O1 to O2,2nd Half,Unsuccessful,Ball Loss --> D3 Press,Horsens,76 - 90 min,
316,317,1,5546.474733596505,5602.330675023172,D3 High Pressing,,,D3 Press on Throw-In,2nd Half,Successful,Direct to O3/O4 OFF Transit,Horsens,76 - 90 min,
317,318,1,5584.007079975507,5608.289094242839,O3 Break Through,O3 Break Through,Transition,D3 Win Ball Low/Middle,2nd Half,Neutral,Keep The Ball,Horsens,76 - 90 min,True
318,319,1,5606.248386461506,5699.1849665711725,O2 Build Up,O2 Build Up,,O3 to O2,2nd Half,Successful,Progress to Next Phase,Horsens,76 - 90 min,
319,320,1,5680.2472755065055,5714.448235593506,O3 Break Through,O3 Break Through,Established Play,,2nd Half,Successful,Lead to O4 chance,Horsens,76 - 90 min,True
320,321,1,5695.203789610172,5726.051351734839,O4 Finishing,O4 Finishing,Established Play,1v1,2nd Half,Successful,Open Chance,Horsens,76 - 90 min,
321,322,1,5777.346024101506,5800.346024101506,Offside review,,,,2nd Half,,,Horsens,,
322,323,1,5840.122559335173,5856.657058174839,D4 Defending the Box,,,,2nd Half,,,Horsens,90+ min,
323,324,1,5848.198692314839,5874.182222167507,O3 Break Through,O3 Break Through,Transition,D3 Win Ball Low/Middle,2nd Half,Successful,"Cross, Shot, Set-Piece or Box Entry",Horsens,90+ min,
324,325,1,5853.657058174839,5867.127433810175,D3 Middle / Lower Pressing,,,D3 Goal Kick or Free Kick,2nd Half,Successful,Direct to O3/O4 OFF Transit,Horsens,90+ min,
325,326,1,5856.042372384172,5879.861431665505,O4 Finishing,O4 Finishing,Transition,Chipball,2nd Half,Unsuccessful,Intercepted by Defence,Horsens,90+ min,
326,327,1,5879.720590587506,5884.8280512931715,D3 Middle / Lower Pressing,,,After Ball Loss,2nd Half,Successful,"Intercept. -> Estab. (O1, O2, O3)",Horsens,90+ min,
327,328,1,5883.4745886891715,5963.2883409525075,O2 Build Up,O2 Build Up,,O2 Throw-In,2nd Half,Successful,Progress to O4,Horsens,90+ min,
328,329,1,5944.9184277388395,5969.7249546855055,O3 Break Through,O3 Break Through,Established Play,1v1 Wide / Halfspace,2nd Half,Successful,Lead to O4 chance,Horsens,90+ min,True
329,330,1,5950.461527996838,5973.9608601671725,O4 Finishing,O4 Finishing,Established Play,Cutback,2nd Half,Successful,Chance,Horsens,90+ min,
330,331,1,5974.376221513173,6006.20739672384,D3 Middle / Lower Pressing,,,D3 Goal Kick or Free Kick,2nd Half,Successful,"Intercept. -> Estab. (O1, O2, O3)",Horsens,90+ min,
331,332,1,6004.541484138839,6045.088458753839,O2 Build Up,O2 Build Up,,O2 After Regain,2nd Half,Unsuccessful,Ball Loss --> D3 Press,Horsens,90+ min,
332,333,1,6036.7900499548405,6068.673549930506,D2 Finding Balance,,,After Ball Loss,2nd Half,Neutral,Establishing Pressing,Horsens,90+ min,
