Timeline,Start time,Duration,code,Instance number,00. Start Phase,01. Phase,02. Situation Type,03. Outcomes,04. Rating,Half,Opponent,Time Period,Ungrouped,Notes,Flags
26. VFF-FCN (1-0),100.7020422,30.83269621,O1 Play from the Back,1,O1 Play from the Back,,O1 Goal Kick or Free Kick,Stay In Phase,Neutral,1st Half,,0 - 15 min,,,
26. VFF-FCN (1-0),229.8683617,24.09958354,O1 Play from the Back,2,O1 Play from the Back,,O2 to O1,Progress to Next Phase,Successful,1st Half,,0 - 15 min,,,
26. VFF-FCN (1-0),360.7692876,20.13392258,O1 Play from the Back,3,O1 Play from the Back,,O1 After Regain,Progress to Next Phase,Successful,1st Half,,0 - 15 min,,,
26. VFF-FCN (1-0),521.1713936,25.03405229,O1 Play from the Back,4,O1 Play from the Back,,O1 Goal Kick or Free Kick,Ball Loss --> D3 Press,Unsuccessful,1st Half,,0 - 15 min,,O1. erik spil jaxe..,New Flag
26. VFF-FCN (1-0),640.5391448,10.36582075,O1 Play from the Back,5,O1 Play from the Back,,O1 Goal Kick or Free Kick,Progress to Next Phase,Successful,1st Half,,0 - 15 min,,,
26. VFF-FCN (1-0),893.4072258,4.665763916,O1 Play from the Back,6,O1 Play from the Back,,O1 After Regain,Stay In Phase,Neutral,1st Half,,0 - 15 min,,,
26. VFF-FCN (1-0),985.407293,5.033945792,O1 Play from the Back,7,O1 Play from the Back,,O1 After Regain,Stay In Phase,Neutral,1st Half,,16 - 30 min,,,
26. VFF-FCN (1-0),1051.542696,22.1643525,O1 Play from the Back,8,O1 Play from the Back,,O1 Throw-In,Ball Loss --> D3 Press,Unsuccessful,1st Half,,16 - 30 min,,,
26. VFF-FCN (1-0),1101.373184,15.93451996,O1 Play from the Back,9,O1 Play from the Back,,O2 to O1,Progress to Next Phase,Successful,1st Half,,16 - 30 min,,,
26. VFF-FCN (1-0),1250.908665,5.755985875,O1 Play from the Back,10,O1 Play from the Back,,O1 After Regain,Stay In Phase,Neutral,1st Half,,16 - 30 min,,,
26. VFF-FCN (1-0),1414.576746,24.03588171,O1 Play from the Back,11,O1 Play from the Back,,O1 After Regain,Stay In Phase,Neutral,1st Half,,16 - 30 min,,,
26. VFF-FCN (1-0),1663.946108,43.50174137,O1 Play from the Back,12,O1 Play from the Back,,O1 After Regain,Stay In Phase,Neutral,1st Half,,16 - 30 min,,,
26. VFF-FCN (1-0),1914.949267,36.66437429,O1 Play from the Back,13,O1 Play from the Back,,O1 Goal Kick or Free Kick,Progress to O3-O4,Successful,1st Half,,31 - 45 min,,,
26. VFF-FCN (1-0),2034.949742,21.73225054,O1 Play from the Back,14,O1 Play from the Back,,O1 Goal Kick or Free Kick,Progress to Next Phase,Successful,1st Half,,31 - 45 min,,,
26. VFF-FCN (1-0),2222.984403,27.66508454,O1 Play from the Back,15,O1 Play from the Back,,O1 After Regain,Progress to Next Phase,Successful,1st Half,,31 - 45 min,,,
26. VFF-FCN (1-0),2322.218175,15.56761779,O1 Play from the Back,16,O1 Play from the Back,,O1 Throw-In,Stay In Phase,Neutral,1st Half,,31 - 45 min,,,
26. VFF-FCN (1-0),2352.650227,13.76671767,O1 Play from the Back,17,O1 Play from the Back,,O2 to O1,Progress to Next Phase,Successful,1st Half,,31 - 45 min,,,
26. VFF-FCN (1-0),2519.084812,27.06639375,O1 Play from the Back,18,O1 Play from the Back,,O1 Goal Kick or Free Kick,Stay In Phase,Neutral,1st Half,,31 - 45 min,,,
26. VFF-FCN (1-0),2551.918689,8.500505416,O1 Play from the Back,19,O1 Play from the Back,,O2 to O1,Progress to Next Phase,Successful,1st Half,,31 - 45 min,,,
26. VFF-FCN (1-0),2822.6315,6.534584208,O1 Play from the Back,20,O1 Play from the Back,,O1 After Regain,Ball Loss --> D3 Press,Unsuccessful,2nd Half,,46 - 60 min,,,
26. VFF-FCN (1-0),2919.232994,7.834012458,O1 Play from the Back,21,O1 Play from the Back,,O1 After Regain,Stay In Phase,Neutral,2nd Half,,46 - 60 min,,,
26. VFF-FCN (1-0),3449.538719,6.665967667,O1 Play from the Back,22,O1 Play from the Back,,O1 After Regain,Progress to Next Phase,Successful,2nd Half,,46 - 60 min,,,
26. VFF-FCN (1-0),3574.036995,22.60287425,O1 Play from the Back,23,O1 Play from the Back,,O1 Goal Kick or Free Kick,Progress to Next Phase,Successful,2nd Half,,46 - 60 min,,,
26. VFF-FCN (1-0),4285.077298,15.76512233,O1 Play from the Back,24,O1 Play from the Back,,O1 Goal Kick or Free Kick,Stay In Phase,Neutral,2nd Half,,61 - 75 min,,,
26. VFF-FCN (1-0),4478.711132,11.33198658,O1 Play from the Back,25,O1 Play from the Back,,O1 After Regain,Stay In Phase,Neutral,2nd Half,,61 - 75 min,,,
26. VFF-FCN (1-0),5044.948619,7.868691417,O1 Play from the Back,26,O1 Play from the Back,,O1 After Regain,Stay In Phase,Neutral,2nd Half,,76 - 90 min,,,
26. VFF-FCN (1-0),5188.216622,35.66649642,O1 Play from the Back,27,O1 Play from the Back,,O1 After Regain,Progress to Next Phase,Successful,2nd Half,,76 - 90 min,,,
26. VFF-FCN (1-0),5285.71967,17.33285904,O1 Play from the Back,28,O1 Play from the Back,,O1 Throw-In,Progress to Next Phase,Successful,2nd Half,,76 - 90 min,,,
26. VFF-FCN (1-0),5692.454094,6.335115333,O1 Play from the Back,29,O1 Play from the Back,,O1 After Regain,Stay In Phase,Neutral,2nd Half,,76 - 90 min,,,
26. VFF-FCN (1-0),0,27.63092754,O2 Build Up,1,O2 Build Up,,O2 Free Kick,Ball Loss --> D3 Press,Unsuccessful,1st Half,,0 - 15 min,,,
26. VFF-FCN (1-0),129.3673061,55.83180242,O2 Build Up,2,O2 Build Up,,O1 to O2,Ball Loss --> D3 Press,Unsuccessful,1st Half,,0 - 15 min,,,
26. VFF-FCN (1-0),217.0024607,14.66472021,O2 Build Up,3,O2 Build Up,,O2 Throw-In,Stay In Phase,Neutral,1st Half,,0 - 15 min,,,
26. VFF-FCN (1-0),251.9360462,5.632277541,O2 Build Up,4,O2 Build Up,,O1 to O2,Progress to Next Phase,Successful,1st Half,,0 - 15 min,,,
26. VFF-FCN (1-0),314.1692025,19.79891187,O2 Build Up,5,O2 Build Up,,O2 Free Kick,Ball Loss --> D3 Press,Unsuccessful,1st Half,,0 - 15 min,,,
26. VFF-FCN (1-0),378.87172,10.0976935,O2 Build Up,6,O2 Build Up,,O1 to O2,Progress to Next Phase,Successful,1st Half,,0 - 15 min,,,
26. VFF-FCN (1-0),400.5366234,32.59990921,O2 Build Up,7,O2 Build Up,,O3 to O2,Ball Loss --> D3 Press,Unsuccessful,1st Half,,0 - 15 min,,,
26. VFF-FCN (1-0),444.1702624,8.3999005,O2 Build Up,8,O2 Build Up,,O2 After Regain,Progress to O4,Successful,1st Half,,0 - 15 min,,,
26. VFF-FCN (1-0),648.740262,27.29668537,O2 Build Up,9,O2 Build Up,,O1 to O2,Ball Loss --> D3 Press,Unsuccessful,1st Half,,0 - 15 min,,"*O2. ellers god, men bis vend dig + beskyt den. ram villa.",New Flag
26. VFF-FCN (1-0),683.0386965,26.46687404,O2 Build Up,10,O2 Build Up,,O2 Throw-In,Ball Loss --> D3 Press,Unsuccessful,1st Half,,0 - 15 min,,O2. E vend dig. god bold adamo.,New Flag
26. VFF-FCN (1-0),802.5041096,29.37081225,O2 Build Up,11,O2 Build Up,,O2 Throw-In,Ball Loss --> D3 Press,Unsuccessful,1st Half,,0 - 15 min,,,
26. VFF-FCN (1-0),895.8399961,7.367747583,O2 Build Up,12,O2 Build Up,,O1 to O2,Ball Loss --> D3 Press,Unsuccessful,1st Half,,0 - 15 min,,,
26. VFF-FCN (1-0),988.3422769,32.43134017,O2 Build Up,13,O2 Build Up,,O1 to O2,Ball Loss --> D3 Press,Unsuccessful,1st Half,,16 - 30 min,,*O2… i luften.,New Flag
26. VFF-FCN (1-0),1097.875004,5.666271667,O2 Build Up,14,O2 Build Up,,O2 After Regain,Stay In Phase,Neutral,1st Half,,16 - 30 min,,,
26. VFF-FCN (1-0),1144.242642,24.03201754,O2 Build Up,15,O2 Build Up,,O2 Free Kick,Progress to O4,Successful,1st Half,,16 - 30 min,,,
26. VFF-FCN (1-0),1181.865581,7.511613499,O2 Build Up,16,O2 Build Up,,O3 to O2,Stay In Phase,Neutral,1st Half,,16 - 30 min,,,
26. VFF-FCN (1-0),1191.244264,20.86409771,O2 Build Up,17,O2 Build Up,,O2 Throw-In,Progress to Next Phase,Successful,1st Half,,16 - 30 min,,,
26. VFF-FCN (1-0),1226.744382,13.764617,O2 Build Up,18,O2 Build Up,,O2 Throw-In,Ball Loss --> D3 Press,Unsuccessful,1st Half,,16 - 30 min,,,
26. VFF-FCN (1-0),1254.444655,8.89780925,O2 Build Up,19,O2 Build Up,,O1 to O2,Progress to Next Phase,Successful,1st Half,,16 - 30 min,,,
26. VFF-FCN (1-0),1436.512503,12.46429054,O2 Build Up,20,O2 Build Up,,O1 to O2,Progress to Next Phase,Successful,1st Half,,16 - 30 min,,,
26. VFF-FCN (1-0),1554.176545,30.70277971,O2 Build Up,21,O2 Build Up,,O2 Free Kick,Ball Loss --> D3 Press,Unsuccessful,1st Half,,16 - 30 min,,,
26. VFF-FCN (1-0),1705.846847,54.66454383,O2 Build Up,22,O2 Build Up,,O1 to O2,Ball Loss --> D3 Press,Unsuccessful,1st Half,,16 - 30 min,,,
26. VFF-FCN (1-0),1778.680618,48.50041621,O2 Build Up,23,O2 Build Up,,O2 After Regain,Ball Loss --> D3 Press,Unsuccessful,1st Half,,16 - 30 min,,,
26. VFF-FCN (1-0),2054.649195,7.030663542,O2 Build Up,24,O2 Build Up,,O1 to O2,Progress to Next Phase,Successful,1st Half,,31 - 45 min,,,
26. VFF-FCN (1-0),2066.615346,16.53280608,O2 Build Up,25,O2 Build Up,,O3 to O2,Ball Loss --> D3 Press,Unsuccessful,1st Half,,31 - 45 min,,,
26. VFF-FCN (1-0),2248.551636,8.966771834,O2 Build Up,26,O2 Build Up,,O1 to O2,Progress to Next Phase,Successful,1st Half,,31 - 45 min,,,
26. VFF-FCN (1-0),2336.182942,18.70038429,O2 Build Up,27,O2 Build Up,,O2 Throw-In,Stay In Phase,Neutral,1st Half,,31 - 45 min,,,
26. VFF-FCN (1-0),2364.650701,47.53320004,O2 Build Up,28,O2 Build Up,,O1 to O2,Progress to O4,Successful,1st Half,,31 - 45 min,,,
26. VFF-FCN (1-0),2544.085049,9.934100209,O2 Build Up,29,O2 Build Up,,O1 to O2,Stay In Phase,Neutral,1st Half,,31 - 45 min,,,
26. VFF-FCN (1-0),2558.385192,12.63400163,O2 Build Up,30,O2 Build Up,,O1 to O2,Progress to Next Phase,Successful,1st Half,,31 - 45 min,,,
26. VFF-FCN (1-0),2588.720752,6.700411125,O2 Build Up,31,O2 Build Up,,O2 Throw-In,Progress to Next Phase,Successful,1st Half,,31 - 45 min,,,
26. VFF-FCN (1-0),2606.921006,28.13148542,O2 Build Up,32,O2 Build Up,,O2 After Regain,Progress to Next Phase,Successful,1st Half,,31 - 45 min,,,
26. VFF-FCN (1-0),2700.755336,14.49803767,O2 Build Up,33,O2 Build Up,,O2 Free Kick,Progress to Next Phase,Successful,1st Half,,31 - 45 min,,,
26. VFF-FCN (1-0),2924.898165,4.900344501,O2 Build Up,34,O2 Build Up,,O1 to O2,Ball Loss --> D3 Press,Unsuccessful,2nd Half,,46 - 60 min,,,
26. VFF-FCN (1-0),3019.099617,59.73564604,O2 Build Up,35,O2 Build Up,,O2 Throw-In,Ball Loss --> D3 Press,Unsuccessful,2nd Half,,46 - 60 min,,,
26. VFF-FCN (1-0),3170.567633,24.33421762,O2 Build Up,36,O2 Build Up,,O2 Free Kick,Ball Loss --> D3 Press,Unsuccessful,2nd Half,,46 - 60 min,,,
26. VFF-FCN (1-0),3392.79653,8.208525958,O2 Build Up,37,O2 Build Up,,O2 Free Kick,Ball Loss --> D3 Press,Unsuccessful,2nd Half,,46 - 60 min,,,
26. VFF-FCN (1-0),3454.103529,45.86703333,O2 Build Up,38,O2 Build Up,,O1 to O2,Progress to Next Phase,Successful,2nd Half,,46 - 60 min,,,
26. VFF-FCN (1-0),3508.135876,14.90359258,O2 Build Up,39,O2 Build Up,,O3 to O2,Ball Loss --> D3 Press,Unsuccessful,2nd Half,,46 - 60 min,,,
26. VFF-FCN (1-0),3594.670708,23.8333475,O2 Build Up,40,O2 Build Up,,O1 to O2,Ball Loss --> D3 Press,Unsuccessful,2nd Half,,46 - 60 min,,,
26. VFF-FCN (1-0),3771.273803,13.83388192,O2 Build Up,41,O2 Build Up,,O2 After Regain,Ball Loss --> D3 Press,Unsuccessful,2nd Half,,61 - 75 min,,,
26. VFF-FCN (1-0),3835.575298,22.09778975,O2 Build Up,42,O2 Build Up,,"O2 Free Kick, O2 Throw-In",Stay In Phase,Neutral,2nd Half,,61 - 75 min,,,
26. VFF-FCN (1-0),3855.940794,39.73253087,O2 Build Up,43,O2 Build Up,,O2 Free Kick,Ball Loss --> D3 Press,Unsuccessful,2nd Half,,61 - 75 min,,,
26. VFF-FCN (1-0),3936.007715,20.70157546,O2 Build Up,44,O2 Build Up,,O2 After Regain,Stay In Phase,Neutral,2nd Half,,61 - 75 min,,,
26. VFF-FCN (1-0),3961.008511,19.231652,O2 Build Up,45,O2 Build Up,,O2 Throw-In,Ball Loss --> D3 Press,Unsuccessful,2nd Half,,61 - 75 min,,,
26. VFF-FCN (1-0),4000.408958,16.83333096,O2 Build Up,46,O2 Build Up,,O2 After Regain,Progress to Next Phase,Successful,2nd Half,,61 - 75 min,,,
26. VFF-FCN (1-0),4023.107602,38.06701121,O2 Build Up,47,O2 Build Up,,O2 Throw-In,Ball Loss --> D3 Press,Unsuccessful,2nd Half,,61 - 75 min,,"benji, on goalline… ",New Flag
26. VFF-FCN (1-0),4086.80928,13.13237888,O2 Build Up,48,O2 Build Up,,"O1 to O2, O3 to O2",Ball Loss --> D3 Press,Unsuccessful,2nd Half,,61 - 75 min,,,
26. VFF-FCN (1-0),4100.475387,60.8881179,O2 Build Up,49,O2 Build Up,,O2 After Regain,Progress to Next Phase,Successful,2nd Half,,61 - 75 min,,"**O2-O4, good seq. pushing.",New Flag
26. VFF-FCN (1-0),4299.245456,18.96677387,O2 Build Up,50,O2 Build Up,,O1 to O2,Progress to Next Phase,Successful,2nd Half,,61 - 75 min,,,
26. VFF-FCN (1-0),4322.776717,10.23322754,O2 Build Up,51,O2 Build Up,,O2 Throw-In,Ball Loss --> D3 Press,Unsuccessful,2nd Half,,61 - 75 min,,,
26. VFF-FCN (1-0),4337.809235,23.96621717,O2 Build Up,52,O2 Build Up,,O2 After Regain,Ball Loss --> D3 Press,Unsuccessful,2nd Half,,61 - 75 min,,,
26. VFF-FCN (1-0),4373.908741,15.56914367,O2 Build Up,53,O2 Build Up,,O2 Throw-In,Ball Loss --> D3 Press,Unsuccessful,2nd Half,,61 - 75 min,,,
26. VFF-FCN (1-0),4487.878344,27.86649062,O2 Build Up,54,O2 Build Up,,O1 to O2,Ball Loss --> D3 Press,Unsuccessful,2nd Half,,61 - 75 min,,,
26. VFF-FCN (1-0),4518.977927,21.83379717,O2 Build Up,55,O2 Build Up,,O2 After Regain,Progress to Next Phase,Successful,2nd Half,,61 - 75 min,,,
26. VFF-FCN (1-0),4553.512199,30.13533667,O2 Build Up,56,O2 Build Up,,"O2 After Regain, O3 to O2",Progress to Next Phase,Successful,2nd Half,,61 - 75 min,,,
26. VFF-FCN (1-0),4718.579853,4.600096541,O2 Build Up,57,O2 Build Up,,O2 After Regain,Ball Loss --> D3 Press,Unsuccessful,2nd Half,,76 - 90 min,,,
26. VFF-FCN (1-0),4727.379899,29.73397121,O2 Build Up,58,O2 Build Up,,O2 After Regain,Ball Loss --> D3 Press,Unsuccessful,2nd Half,,76 - 90 min,,,
26. VFF-FCN (1-0),4846.713965,63.40284413,O2 Build Up,59,O2 Build Up,,O2 After Regain,Stay In Phase,Neutral,2nd Half,,76 - 90 min,,,
26. VFF-FCN (1-0),5050.582631,26.90024421,O2 Build Up,60,O2 Build Up,,O1 to O2,Progress to Next Phase,Successful,2nd Half,,76 - 90 min,,,
26. VFF-FCN (1-0),5105.185004,40.26546588,O2 Build Up,61,O2 Build Up,,O2 After Regain,Progress to Next Phase,Successful,2nd Half,,76 - 90 min,,,
26. VFF-FCN (1-0),5221.61913,22.53347454,O2 Build Up,62,O2 Build Up,,O1 to O2,Ball Loss --> D3 Press,Unsuccessful,2nd Half,,76 - 90 min,,,
26. VFF-FCN (1-0),5300.951174,21.46661329,O2 Build Up,63,O2 Build Up,,O2 Free Kick,Ball Loss --> D3 Press,Unsuccessful,2nd Half,,76 - 90 min,,,
26. VFF-FCN (1-0),5696.621377,10.932632,O2 Build Up,64,O2 Build Up,,O1 to O2,Ball Loss --> D3 Press,Unsuccessful,2nd Half,,76 - 90 min,,,
26. VFF-FCN (1-0),5710.587696,9.199427959,O2 Build Up,65,O2 Build Up,,O2 After Regain,Ball Loss --> D3 Press,Unsuccessful,2nd Half,,76 - 90 min,,,
26. VFF-FCN (1-0),5719.222739,15.06676329,O2 Build Up,66,O2 Build Up,,O2 Throw-In,Progress to Next Phase,Successful,2nd Half,,76 - 90 min,,,
26. VFF-FCN (1-0),5744.120844,11.49931396,O2 Build Up,67,O2 Build Up,,O2 After Regain,Progress to Next Phase,Successful,2nd Half,,76 - 90 min,,,
26. VFF-FCN (1-0),5803.453586,4.5016585,O2 Build Up,68,O2 Build Up,,O2 After Regain,Ball Loss --> D3 Press,Unsuccessful,2nd Half,,76 - 90 min,,,
26. VFF-FCN (1-0),35.96906246,26.96427271,O3 Break Through,1,O3 Break Through,Throw In,Long Throw,Ball Loss --> D3 Press,Unsuccessful,1st Half,,0 - 15 min,,,
26. VFF-FCN (1-0),238.7708713,24.55998271,O3 Break Through,2,O3 Break Through,Established Play,Early Through Pass or Cross,"Cross, Shot, Set-Piece or Box Entry",Successful,1st Half,,0 - 15 min,,Villa indlæg..,New Flag
26. VFF-FCN (1-0),369.9383281,32.69719692,O3 Break Through,3,O3 Break Through,Established Play,Central Play Infront of Backline,Keep The Ball,Neutral,1st Half,,0 - 15 min,,*O2. godt kian - jax. dio bliv mellem!,New Flag
26. VFF-FCN (1-0),857.3046657,23.60129537,O3 Break Through,4,O3 Break Through,Transition,D3 Win Ball Low/Middle,Ball Loss --> D3 Press,Unsuccessful,1st Half,,0 - 15 min,,,
26. VFF-FCN (1-0),1193.073508,32.00202,O3 Break Through,5,O3 Break Through,Established Play,Early Through Pass or Cross,"Cross, Shot, Set-Piece or Box Entry",Successful,1st Half,,16 - 30 min,,"villa, touch..",New Flag
26. VFF-FCN (1-0),1244.310085,31.79893554,O3 Break Through,6,O3 Break Through,Established Play,Early Through Pass or Cross,"Cross, Shot, Set-Piece or Box Entry",Successful,1st Half,,16 - 30 min,,,
26. VFF-FCN (1-0),1260.976202,24.93517671,O3 Break Through,7,O3 Break Through,Established Play,1v1 Wide / Halfspace,"Cross, Shot, Set-Piece or Box Entry",Successful,1st Half,,16 - 30 min,,,
26. VFF-FCN (1-0),1429.879212,36.23125296,O3 Break Through,8,O3 Break Through,Established Play,Early Through Pass or Cross,"Cross, Shot, Set-Piece or Box Entry",Successful,1st Half,,16 - 30 min,,,
26. VFF-FCN (1-0),1816.213327,28.80017842,O3 Break Through,9,O3 Break Through,Transition,D3 High Press on Opp. Half,Lead to O4 chance,Successful,1st Half,,31 - 45 min,,,
26. VFF-FCN (1-0),1834.546805,30.60024971,O3 Break Through,10,O3 Break Through,Transition,Transition After CP,"Cross, Shot, Set-Piece or Box Entry",Successful,1st Half,,31 - 45 min,,,
26. VFF-FCN (1-0),1933.012796,23.40096742,O3 Break Through,11,O3 Break Through,Established Play,1v1 Wide / Halfspace,Ball Loss --> D3 Press,Unsuccessful,1st Half,,31 - 45 min,,,
26. VFF-FCN (1-0),2042.780941,25.93347904,O3 Break Through,12,O3 Break Through,Established Play,Wide Link Up Play,Keep The Ball,Neutral,1st Half,,31 - 45 min,,,
26. VFF-FCN (1-0),2106.615063,29.73442225,O3 Break Through,13,O3 Break Through,Transition,D3 High Press on Opp. Half,"Cross, Shot, Set-Piece or Box Entry",Successful,1st Half,,31 - 45 min,,,
26. VFF-FCN (1-0),2184.547837,25.53695358,O3 Break Through,14,O3 Break Through,Transition,D3 High Press on Opp. Half,Ball Loss --> D3 Press,Unsuccessful,1st Half,,31 - 45 min,,"villa fin ide, men svært.",New Flag
26. VFF-FCN (1-0),2238.417024,27.63492367,O3 Break Through,15,O3 Break Through,Established Play,1v1 Wide / Halfspace,Keep The Ball,Neutral,1st Half,,31 - 45 min,,,
26. VFF-FCN (1-0),2250.018266,22.9318245,O3 Break Through,16,O3 Break Through,Established Play,Early Through Pass or Cross,"Cross, Shot, Set-Piece or Box Entry",Successful,1st Half,,31 - 45 min,,,
26. VFF-FCN (1-0),2576.318884,23.33314458,O3 Break Through,17,O3 Break Through,Established Play,Wide Link Up Play,"Cross, Shot, Set-Piece or Box Entry",Successful,1st Half,,31 - 45 min,,,
26. VFF-FCN (1-0),2616.020933,25.66356449,O3 Break Through,18,O3 Break Through,Established Play,Wide Link Up Play,"Cross, Shot, Set-Piece or Box Entry",Successful,1st Half,,31 - 45 min,,,
26. VFF-FCN (1-0),2696.321332,31.03081504,O3 Break Through,19,O3 Break Through,Established Play,1v1 Wide / Halfspace,"Cross, Shot, Set-Piece or Box Entry",Successful,1st Half,,31 - 45 min,,,
26. VFF-FCN (1-0),2833.331278,23.20278817,O3 Break Through,20,O3 Break Through,Transition,D3 High Press on Opp. Half,Ball Loss --> D3 Press,Unsuccessful,2nd Half,,46 - 60 min,,,
26. VFF-FCN (1-0),2866.332014,26.36890237,O3 Break Through,21,O3 Break Through,Transition,D3 High Press on Opp. Half,Lead to O4 chance,Successful,2nd Half,,46 - 60 min,,,
26. VFF-FCN (1-0),2957.999348,28.49975188,O3 Break Through,22,O3 Break Through,Transition,After D4 Def. Box,Ball Loss --> D3 Press,Unsuccessful,2nd Half,,46 - 60 min,,,
26. VFF-FCN (1-0),3189.834253,31.10024429,O3 Break Through,23,O3 Break Through,Transition,D3 High Press on Opp. Half,"Cross, Shot, Set-Piece or Box Entry",Successful,2nd Half,,46 - 60 min,,,
26. VFF-FCN (1-0),3480.802572,24.63445158,O3 Break Through,24,O3 Break Through,Established Play,Early Through Pass or Cross,"Cross, Shot, Set-Piece or Box Entry",Successful,2nd Half,,46 - 60 min,,,
26. VFF-FCN (1-0),3740.039406,23.73073854,O3 Break Through,25,O3 Break Through,Transition,After D4 Def. Box,Ball Loss --> D3 Press,Unsuccessful,2nd Half,,61 - 75 min,,,
26. VFF-FCN (1-0),3908.508815,23.59668971,O3 Break Through,26,O3 Break Through,Transition,D3 High Press on Opp. Half,Ball Loss --> D3 Press,Unsuccessful,2nd Half,,61 - 75 min,,gult kort til M Søndergaard. på dio.,New Flag
26. VFF-FCN (1-0),3989.79979,30.20017983,O3 Break Through,27,O3 Break Through,Established Play,Wide Link Up Play,Keep The Ball,Neutral,,,,,,
26. VFF-FCN (1-0),4057.90726,30.99949629,O3 Break Through,28,O3 Break Through,Transition,D3 Win Ball Low/Middle,Keep The Ball,Neutral,2nd Half,,61 - 75 min,,,
26. VFF-FCN (1-0),4128.975274,27.26897917,O3 Break Through,29,O3 Break Through,Established Play,Early Through Pass or Cross,"Cross, Shot, Set-Piece or Box Entry",Successful,2nd Half,,61 - 75 min,,,
26. VFF-FCN (1-0),4231.743186,25.49877242,O3 Break Through,30,O3 Break Through,Throw In,Combination,Ball Loss --> D3 Press,Unsuccessful,2nd Half,,61 - 75 min,,,
26. VFF-FCN (1-0),4298.977064,22.49918025,O3 Break Through,31,O3 Break Through,Established Play,Early Through Pass or Cross,"Cross, Shot, Set-Piece or Box Entry",Successful,2nd Half,,61 - 75 min,,,
26. VFF-FCN (1-0),4521.711911,27.00200387,O3 Break Through,32,O3 Break Through,Established Play,Wide Link Up Play,"Cross, Shot, Set-Piece or Box Entry",Successful,2nd Half,,61 - 75 min,,,
26. VFF-FCN (1-0),4564.347562,23.89941571,O3 Break Through,33,O3 Break Through,Established Play,Central Play Infront of Backline,"Cross, Shot, Set-Piece or Box Entry",Successful,2nd Half,,61 - 75 min,,"*godt sat op. tæt på, gode pos. dani til ernest.",New Flag
26. VFF-FCN (1-0),4626.512723,22.69956733,O3 Break Through,34,O3 Break Through,Transition,D3 Win Ball Low/Middle,Ball Loss --> D3 Press,Unsuccessful,2nd Half,,76 - 90 min,,,
26. VFF-FCN (1-0),4752.281686,24.16519212,O3 Break Through,35,O3 Break Through,Transition,D3 High Press on Opp. Half,"Cross, Shot, Set-Piece or Box Entry",Successful,2nd Half,,76 - 90 min,,,
26. VFF-FCN (1-0),4965.448124,33.56526842,O3 Break Through,36,O3 Break Through,Throw In,Long Throw,Ball Loss --> D3 Press,Unsuccessful,2nd Half,,76 - 90 min,,,
26. VFF-FCN (1-0),5001.281461,27.16740596,O3 Break Through,37,O3 Break Through,Throw In,Long Throw,"Cross, Shot, Set-Piece or Box Entry",Successful,2nd Half,,76 - 90 min,,,
26. VFF-FCN (1-0),5058.883502,34.16574446,O3 Break Through,38,O3 Break Through,Established Play,Central Play Infront of Backline,"Cross, Shot, Set-Piece or Box Entry",Successful,2nd Half,,76 - 90 min,,,
26. VFF-FCN (1-0),5126.718487,24.22859692,O3 Break Through,39,O3 Break Through,Established Play,Early Through Pass or Cross,Ball Loss --> D3 Press,Unsuccessful,2nd Half,,76 - 90 min,,,
26. VFF-FCN (1-0),5311.134748,21.06540012,O3 Break Through,40,O3 Break Through,Established Play,Early Through Pass or Cross,Ball Loss --> D3 Press,Unsuccessful,,,,,"wahid, vind rummet.",New Flag
26. VFF-FCN (1-0),5396.587358,29.63327617,O3 Break Through,41,O3 Break Through,Transition,After D4 Def. Box,"Cross, Shot, Set-Piece or Box Entry",Successful,2nd Half,,76 - 90 min,,,
26. VFF-FCN (1-0),5715.053763,26.59931971,O3 Break Through,42,O3 Break Through,Established Play,Early Through Pass or Cross,"Cross, Shot, Set-Piece or Box Entry",Successful,2nd Half,,76 - 90 min,,,
26. VFF-FCN (1-0),5739.221008,22.83253358,O3 Break Through,43,O3 Break Through,Established Play,Wide Link Up Play,"Cross, Shot, Set-Piece or Box Entry",Successful,2nd Half,,76 - 90 min,,,
26. VFF-FCN (1-0),244.1681276,25.43223788,O4 Finishing,1,O4 Finishing,Established Play,"1v1, Chipball","Cross, Shot, Set-Piece or Box Entry",Neutral,1st Half,,0 - 15 min,,,
26. VFF-FCN (1-0),433.4055295,22.86453442,O4 Finishing,2,O4 Finishing,Established Play,1v1,"Cross, Shot, Set-Piece or Box Entry",Neutral,1st Half,,0 - 15 min,,,
26. VFF-FCN (1-0),1150.277127,24.53120071,O4 Finishing,3,O4 Finishing,Established Play,Pass Infront of Backline,"Cross, Shot, Set-Piece or Box Entry",Neutral,1st Half,,16 - 30 min,,,
26. VFF-FCN (1-0),1206.044278,22.73248546,O4 Finishing,4,O4 Finishing,Established Play,Chipball,"Cross, Shot, Set-Piece or Box Entry",Neutral,1st Half,,16 - 30 min,,,
26. VFF-FCN (1-0),1257.040691,22.50141821,O4 Finishing,5,O4 Finishing,Established Play,Pass Infront of Backline,"Cross, Shot, Set-Piece or Box Entry",Neutral,1st Half,,16 - 30 min,,*clip from HT. accelerating. dio why stop?,New Flag
26. VFF-FCN (1-0),1266.676286,24.16565487,O4 Finishing,6,O4 Finishing,Established Play,Chipball,"Cross, Shot, Set-Piece or Box Entry",Neutral,1st Half,,16 - 30 min,,villa god 1v1 + chip,New Flag
26. VFF-FCN (1-0),1446.877523,25.83252963,O4 Finishing,7,O4 Finishing,Established Play,Chipball,"Cross, Shot, Set-Piece or Box Entry",Neutral,1st Half,,16 - 30 min,,,
26. VFF-FCN (1-0),1825.715474,24.23330567,O4 Finishing,8,O4 Finishing,Transition,Pass Infront of Backline,Chance,Successful,1st Half,,31 - 45 min,,,
26. VFF-FCN (1-0),1846.048373,23.200015,O4 Finishing,9,O4 Finishing,Transition,Pass Infront of Backline,"Cross, Shot, Set-Piece or Box Entry",Neutral,1st Half,,31 - 45 min,,,
26. VFF-FCN (1-0),2117.115669,24.43394879,O4 Finishing,10,O4 Finishing,Transition,Through Pass,"Cross, Shot, Set-Piece or Box Entry",Neutral,1st Half,,31 - 45 min,,,
26. VFF-FCN (1-0),2253.916497,23.53547438,O4 Finishing,11,O4 Finishing,Established Play,Chipball,"Cross, Shot, Set-Piece or Box Entry",Neutral,1st Half,,31 - 45 min,,,
26. VFF-FCN (1-0),2393.012835,22.97341783,O4 Finishing,12,O4 Finishing,Established Play,Chipball,Intercepted by Defence,Unsuccessful,1st Half,,31 - 45 min,,,
26. VFF-FCN (1-0),2580.618479,23.26558671,O4 Finishing,13,O4 Finishing,Established Play,Chipball,DEF Transition,Unsuccessful,1st Half,,31 - 45 min,,,
26. VFF-FCN (1-0),2620.42142,23.23184354,O4 Finishing,14,O4 Finishing,Established Play,Cutback,"Cross, Shot, Set-Piece or Box Entry",Neutral,1st Half,,31 - 45 min,,,
26. VFF-FCN (1-0),2708.054651,23.26540537,O4 Finishing,15,O4 Finishing,Established Play,Square Pass,"Cross, Shot, Set-Piece or Box Entry",Neutral,1st Half,,31 - 45 min,,,
26. VFF-FCN (1-0),2713.05545,53.29911271,O4 Finishing,16,O4 Finishing,Corner Kick,Back Area,"Cross, Shot, Set-Piece or Box Entry",Neutral,1st Half,,31 - 45 min,,,
26. VFF-FCN (1-0),2873.465451,22.99947612,O4 Finishing,17,O4 Finishing,Transition,Square Pass,Open Chance,Successful,2nd Half,,46 - 60 min,,,
26. VFF-FCN (1-0),3201.634457,22.69963029,O4 Finishing,18,O4 Finishing,Transition,Through Pass,"Cross, Shot, Set-Piece or Box Entry",Neutral,2nd Half,,46 - 60 min,,,
26. VFF-FCN (1-0),3486.369288,23.93521954,O4 Finishing,19,O4 Finishing,Established Play,Cutback,"Cross, Shot, Set-Piece or Box Entry",Neutral,2nd Half,,46 - 60 min,,,
26. VFF-FCN (1-0),4136.875687,23.90006354,O4 Finishing,20,O4 Finishing,Established Play,Through Pass,"Cross, Shot, Set-Piece or Box Entry",Neutral,2nd Half,,61 - 75 min,,,
26. VFF-FCN (1-0),4302.178915,22.632829,O4 Finishing,21,O4 Finishing,Established Play,Square Pass,"Cross, Shot, Set-Piece or Box Entry",Neutral,2nd Half,,61 - 75 min,,,
26. VFF-FCN (1-0),4529.411465,22.93393587,O4 Finishing,22,O4 Finishing,Established Play,Chipball,"Cross, Shot, Set-Piece or Box Entry",Neutral,2nd Half,,61 - 75 min,,,
26. VFF-FCN (1-0),4568.945861,23.335134,O4 Finishing,23,O4 Finishing,Established Play,Through Pass,"Cross, Shot, Set-Piece or Box Entry",Neutral,2nd Half,,61 - 75 min,,,
26. VFF-FCN (1-0),4757.212718,23.10063579,O4 Finishing,24,O4 Finishing,Transition,1v1,"Cross, Shot, Set-Piece or Box Entry",Neutral,2nd Half,,76 - 90 min,,,
26. VFF-FCN (1-0),5009.215098,27.63607004,O4 Finishing,25,O4 Finishing,Throw In,Long Throw,"Cross, Shot, Set-Piece or Box Entry",Neutral,2nd Half,,76 - 90 min,,,
26. VFF-FCN (1-0),5074.417103,24.99931442,O4 Finishing,26,O4 Finishing,Established Play,Pass Infront of Backline,Intercepted by Defence,Unsuccessful,2nd Half,,76 - 90 min,,Villa. indlæg + ser du kian.,New Flag
26. VFF-FCN (1-0),5407.119087,35.93307567,O4 Finishing,27,O4 Finishing,Transition,Through Pass,"Cross, Shot, Set-Piece or Box Entry",Neutral,2nd Half,,76 - 90 min,,,
26. VFF-FCN (1-0),5424.418908,23.83498796,O4 Finishing,28,O4 Finishing,Established Play,1v1,"Cross, Shot, Set-Piece or Box Entry",Neutral,2nd Half,,76 - 90 min,,,
26. VFF-FCN (1-0),5436.58759,57.82963938,O4 Finishing,29,O4 Finishing,Corner Kick,Front Area,"Cross, Shot, Set-Piece or Box Entry",Neutral,2nd Half,,76 - 90 min,,,
26. VFF-FCN (1-0),5489.552159,51.26689792,O4 Finishing,30,O4 Finishing,Corner Kick,Central Area,"Cross, Shot, Set-Piece or Box Entry",Neutral,2nd Half,,76 - 90 min,,,
26. VFF-FCN (1-0),5722.487538,23.73518508,O4 Finishing,31,O4 Finishing,Established Play,1v1,"Cross, Shot, Set-Piece or Box Entry",Neutral,2nd Half,,76 - 90 min,,,
26. VFF-FCN (1-0),5742.822807,26.26556154,O4 Finishing,32,O4 Finishing,Established Play,Chipball,"Cross, Shot, Set-Piece or Box Entry",Neutral,2nd Half,,76 - 90 min,,"villa, hvorfor ikke tro på den?",New Flag
26. VFF-FCN (1-0),26.86896058,16.83013292,D3 High Pressing,1,,,After Ball Loss,"Intercept. -> Estab. (O1, O2, O3)",Successful,1st Half,,0 - 15 min,,,
26. VFF-FCN (1-0),69.93376008,29.43388183,D3 High Pressing,2,,,D3 Goal Kick or Free Kick,"Intercept. -> Estab. (O1, O2, O3)",Successful,1st Half,,0 - 15 min,,,
26. VFF-FCN (1-0),190.9684167,27.99833108,D3 High Pressing,3,,,D3 Goal Kick or Free Kick,"Intercept. -> Estab. (O1, O2, O3)",Successful,1st Half,,0 - 15 min,,,
26. VFF-FCN (1-0),268.9370608,33.06722879,D3 High Pressing,4,,,D3 Goal Kick or Free Kick,"Intercept. -> Estab. (O1, O2, O3)",Successful,1st Half,,0 - 15 min,,,
26. VFF-FCN (1-0),432.6363713,13.56768092,D3 High Pressing,5,,,After Ball Loss,"Intercept. -> Estab. (O1, O2, O3)",Successful,1st Half,,0 - 15 min,,,
26. VFF-FCN (1-0),457.3723293,45.39767267,D3 High Pressing,6,,,D3 Goal Kick or Free Kick,Stay In Phase,Neutral,1st Half,,0 - 15 min,,,
26. VFF-FCN (1-0),674.3738392,10.69707004,D3 High Pressing,7,,,After Ball Loss,"Intercept. -> Estab. (O1, O2, O3)",Successful,1st Half,,0 - 15 min,,,
26. VFF-FCN (1-0),902.9751472,13.00014888,D3 High Pressing,8,,,After Ball Loss,Stay In Phase,Neutral,1st Half,,16 - 30 min,,,
26. VFF-FCN (1-0),914.8755417,28.66485142,D3 High Pressing,9,,,After Ball Loss,Stay In Phase,Neutral,1st Half,,16 - 30 min,,,
26. VFF-FCN (1-0),1471.544401,27.76493317,D3 High Pressing,10,,,After Ball Loss,Stay In Phase,Neutral,1st Half,,16 - 30 min,,,
26. VFF-FCN (1-0),1589.112282,17.43258792,D3 High Pressing,11,,,D3 Press on Throw-In,Stay In Phase,Neutral,1st Half,,16 - 30 min,,,
26. VFF-FCN (1-0),1763.880638,16.50045487,D3 High Pressing,12,,,D3 Press on Throw-In,"Intercept. -> Estab. (O1, O2, O3)",Successful,1st Half,,16 - 30 min,,,
26. VFF-FCN (1-0),1828.679403,6.402700416,D3 High Pressing,13,,,D3 Goal Kick or Free Kick,Direct to O3/O4 OFF Transit,Successful,1st Half,,31 - 45 min,,,
26. VFF-FCN (1-0),1873.879851,14.26712729,D3 High Pressing,14,,,D3 Goal Kick or Free Kick,Stay In Phase,Neutral,1st Half,,31 - 45 min,,,
26. VFF-FCN (1-0),1955.149613,41.33358846,D3 High Pressing,15,,,D3 Goal Kick or Free Kick,Stay In Phase,Neutral,1st Half,,31 - 45 min,,"højt pres, obs på denne åbning. 8er i siden.",New Flag
26. VFF-FCN (1-0),2089.998707,35.08323646,D3 High Pressing,16,,,D3 Goal Kick or Free Kick,Direct to O3/O4 OFF Transit,Successful,1st Half,,31 - 45 min,,,
26. VFF-FCN (1-0),2151.316079,41.56477121,D3 High Pressing,17,,,D3 Goal Kick or Free Kick,Stay In Phase,Neutral,1st Half,,31 - 45 min,,,
26. VFF-FCN (1-0),2191.950909,11.6647015,D3 High Pressing,18,,,D3 Press on Throw-In,Direct to O3/O4 OFF Transit,Successful,1st Half,,31 - 45 min,,,
26. VFF-FCN (1-0),2279.184627,29.36710658,D3 High Pressing,19,,,After Ball Loss,"Intercept. -> Estab. (O1, O2, O3)",Successful,1st Half,,31 - 45 min,,,
26. VFF-FCN (1-0),2414.053094,45.131967,D3 High Pressing,20,,,After Ball Loss,Stay In Phase,Neutral,1st Half,,31 - 45 min,,,
26. VFF-FCN (1-0),2671.086496,12.56535033,D3 High Pressing,21,,,D3 From Low/Med to High,"Intercept. -> Estab. (O1, O2, O3)",Successful,1st Half,,31 - 45 min,,,
26. VFF-FCN (1-0),2833.465821,18.20143846,D3 High Pressing,22,,,D3 From Low/Med to High,Direct to O3/O4 OFF Transit,Successful,2nd Half,,46 - 60 min,,,
26. VFF-FCN (1-0),2854.897984,34.33210621,D3 High Pressing,23,,,After Ball Loss,Direct to O3/O4 OFF Transit,Successful,2nd Half,,46 - 60 min,,**Godt pres -> Ernest chancen.,New Flag
26. VFF-FCN (1-0),2900.331794,19.80152246,D3 High Pressing,24,,,D3 Goal Kick or Free Kick,"Intercept. -> Estab. (O1, O2, O3)",Successful,2nd Half,,46 - 60 min,,,
26. VFF-FCN (1-0),2986.899728,27.80206592,D3 High Pressing,25,,,D3 Goal Kick or Free Kick,"Intercept. -> Estab. (O1, O2, O3)",Successful,2nd Half,,46 - 60 min,,,
26. VFF-FCN (1-0),3084.665105,22.36861958,D3 High Pressing,26,,,D3 Goal Kick or Free Kick,Stay In Phase,Neutral,2nd Half,,46 - 60 min,,,
26. VFF-FCN (1-0),3193.067918,15.23328458,D3 High Pressing,27,,,After Ball Loss,Direct to O3/O4 OFF Transit,Successful,2nd Half,,46 - 60 min,,,
26. VFF-FCN (1-0),3235.70358,22.71989279,D3 High Pressing,28,,,After Ball Loss,Stay In Phase,Neutral,2nd Half,,46 - 60 min,,,
26. VFF-FCN (1-0),3761.906233,11.59862946,D3 High Pressing,29,,,After Ball Loss,"Intercept. -> Estab. (O1, O2, O3)",Successful,2nd Half,,61 - 75 min,,,
26. VFF-FCN (1-0),3898.074038,27.36609458,D3 High Pressing,30,,,After Ball Loss,Direct to O3/O4 OFF Transit,Successful,2nd Half,,61 - 75 min,,,
26. VFF-FCN (1-0),3993.543011,8.898911209,D3 High Pressing,31,,,After Ball Loss,"Intercept. -> Estab. (O1, O2, O3)",Successful,2nd Half,,61 - 75 min,,,
26. VFF-FCN (1-0),4360.105919,15.83762654,D3 High Pressing,32,,,After Ball Loss,"Intercept. -> Estab. (O1, O2, O3)",Successful,2nd Half,,61 - 75 min,,,
26. VFF-FCN (1-0),4396.610183,35.66932592,D3 High Pressing,33,,,D3 Goal Kick or Free Kick,Stay In Phase,Neutral,2nd Half,,61 - 75 min,,"Adamo, endnu en hovedstødsduel, bruger ikke armene.",New Flag
26. VFF-FCN (1-0),4468.077412,10.86658808,D3 High Pressing,34,,,After Ball Loss,"Intercept. -> Estab. (O1, O2, O3)",Successful,2nd Half,,61 - 75 min,,,
26. VFF-FCN (1-0),4765.115099,5.831849625,D3 High Pressing,35,,,After Ball Loss,Direct to O3/O4 OFF Transit,Successful,2nd Half,,76 - 90 min,,,
26. VFF-FCN (1-0),4999.48069,8.635256209,D3 High Pressing,36,,,D3 Press on Throw-In,"Intercept. -> Estab. (O1, O2, O3)",Successful,2nd Half,,76 - 90 min,,,
26. VFF-FCN (1-0),5036.415549,10.30215275,D3 High Pressing,37,,,After Ball Loss,"Intercept. -> Estab. (O1, O2, O3)",Successful,2nd Half,,76 - 90 min,,,
26. VFF-FCN (1-0),5165.38381,24.73068771,D3 High Pressing,38,,,"D3 Goal Kick or Free Kick, After Ball Loss","Intercept. -> Estab. (O1, O2, O3)",Successful,2nd Half,,76 - 90 min,,,
26. VFF-FCN (1-0),5327.885031,13.33209117,D3 High Pressing,39,,,After Ball Loss,Stay In Phase,Neutral,2nd Half,,76 - 90 min,,,
26. VFF-FCN (1-0),346.8714211,15.76371392,D3 Middle / Lower Pressing,1,,,After Ball Loss,"Intercept. -> Estab. (O1, O2, O3)",Successful,1st Half,,0 - 15 min,,,
26. VFF-FCN (1-0),544.2375575,47.56887308,D3 Middle / Lower Pressing,2,,,After Ball Loss,"Intercept. -> Estab. (O1, O2, O3)",Successful,1st Half,,0 - 15 min,,"Villa. kommer under pres, fordi diagonal..",New Flag
26. VFF-FCN (1-0),723.8712288,73.50090721,D3 Middle / Lower Pressing,3,,,After Ball Loss,"Cross, Shot, Set-Piece or Box Entry",Unsuccessful,1st Half,,0 - 15 min,,,
26. VFF-FCN (1-0),831.6725992,44.29459488,D3 Middle / Lower Pressing,4,,,D3 Press on Throw-In,Direct to O3/O4 OFF Transit,Successful,1st Half,,0 - 15 min,,,
26. VFF-FCN (1-0),879.1678205,11.405039,D3 Middle / Lower Pressing,5,,,After Ball Loss,"Cross, Shot, Set-Piece or Box Entry",Unsuccessful,1st Half,,0 - 15 min,,,
26. VFF-FCN (1-0),941.4403089,40.73324983,D3 Middle / Lower Pressing,6,,,D3 From High to Med/Low,"Cross, Shot, Set-Piece or Box Entry",Unsuccessful,1st Half,,16 - 30 min,,,
26. VFF-FCN (1-0),1019.009502,30.36537096,D3 Middle / Lower Pressing,7,,,After Ball Loss,"Intercept. -> Estab. (O1, O2, O3)",Successful,1st Half,,16 - 30 min,,,
26. VFF-FCN (1-0),1072.374374,27.36923433,D3 Middle / Lower Pressing,8,,,After Ball Loss,"Intercept. -> Estab. (O1, O2, O3)",Successful,1st Half,,16 - 30 min,,,
26. VFF-FCN (1-0),1305.975691,48.06726846,D3 Middle / Lower Pressing,9,,,D3 Goal Kick or Free Kick,Stay In Phase,Neutral,1st Half,,16 - 30 min,,,
26. VFF-FCN (1-0),1386.043524,28.63231708,D3 Middle / Lower Pressing,10,,,After Ball Loss,"Intercept. -> Estab. (O1, O2, O3)",Successful,1st Half,,16 - 30 min,,,
26. VFF-FCN (1-0),1531.810465,16.53616167,D3 Middle / Lower Pressing,11,,,D3 Goal Kick or Free Kick,"Intercept. -> Estab. (O1, O2, O3)",Successful,1st Half,,16 - 30 min,,,
26. VFF-FCN (1-0),1609.51149,50.43596904,D3 Middle / Lower Pressing,12,,,D3 Press on Throw-In,"Intercept. -> Estab. (O1, O2, O3)",Successful,1st Half,,16 - 30 min,,,
26. VFF-FCN (1-0),1886.815977,22.03062204,D3 Middle / Lower Pressing,13,,,D3 From High to Med/Low,"Cross, Shot, Set-Piece or Box Entry",Unsuccessful,1st Half,,31 - 45 min,,,
26. VFF-FCN (1-0),2457.283912,20.767046,D3 Middle / Lower Pressing,14,,,D3 From High to Med/Low,Stay In Phase,Neutral,1st Half,,31 - 45 min,,,
26. VFF-FCN (1-0),2652.053132,20.99939717,D3 Middle / Lower Pressing,15,,,D3 Goal Kick or Free Kick,Stay In Phase,Neutral,1st Half,,31 - 45 min,,,
26. VFF-FCN (1-0),2773.09845,36.6340054,D3 Middle / Lower Pressing,16,,,D3 Goal Kick or Free Kick,Stay In Phase,Neutral,2nd Half,,46 - 60 min,,,
26. VFF-FCN (1-0),2813.865131,10.93491963,D3 Middle / Lower Pressing,17,,,D3 Press on Throw-In,"Intercept. -> Estab. (O1, O2, O3)",Successful,2nd Half,,46 - 60 min,,,
26. VFF-FCN (1-0),2827.133822,8.564738209,D3 Middle / Lower Pressing,18,,,After Ball Loss,Stay In Phase,Neutral,2nd Half,,46 - 60 min,,,
26. VFF-FCN (1-0),2931.634599,12.59996325,D3 Middle / Lower Pressing,19,,,D3 Press on Throw-In,Stay In Phase,Neutral,2nd Half,,46 - 60 min,,,
26. VFF-FCN (1-0),3111.20134,21.60151246,D3 Middle / Lower Pressing,20,,,D3 From High to Med/Low,"Intercept. -> Estab. (O1, O2, O3)",Successful,2nd Half,,46 - 60 min,,,
26. VFF-FCN (1-0),3257.300856,51.33664858,D3 Middle / Lower Pressing,21,,,D3 Press on Throw-In,"Cross, Shot, Set-Piece or Box Entry",Unsuccessful,2nd Half,,46 - 60 min,,*Sit. leading to corner.,New Flag
26. VFF-FCN (1-0),3412.369105,34.73405683,D3 Middle / Lower Pressing,22,,,After Ball Loss,D4 Chance,Unsuccessful,2nd Half,,46 - 60 min,,,
26. VFF-FCN (1-0),3673.580628,30.82465794,D3 Middle / Lower Pressing,23,,,D3 Goal Kick or Free Kick,"Cross, Shot, Set-Piece or Box Entry",Unsuccessful,2nd Half,,61 - 75 min,,,
26. VFF-FCN (1-0),3803.574929,17.23027833,D3 Middle / Lower Pressing,24,,,D3 Press on Throw-In,"Intercept. -> Estab. (O1, O2, O3)",Successful,2nd Half,,61 - 75 min,,,
26. VFF-FCN (1-0),4622.11225,23.70023262,D3 Middle / Lower Pressing,25,,,D3 Goal Kick or Free Kick,Direct to O3/O4 OFF Transit,Successful,2nd Half,,76 - 90 min,,,
26. VFF-FCN (1-0),4650.44696,11.3988985,D3 Middle / Lower Pressing,26,,,D3 Press on Throw-In,Stay In Phase,Neutral,2nd Half,,76 - 90 min,,,
26. VFF-FCN (1-0),4676.347095,44.26766642,D3 Middle / Lower Pressing,27,,,D3 Goal Kick or Free Kick,"Intercept. -> Estab. (O1, O2, O3)",Successful,2nd Half,,76 - 90 min,,,
26. VFF-FCN (1-0),4786.846804,58.13462379,D3 Middle / Lower Pressing,28,,,After Ball Loss,"Cross, Shot, Set-Piece or Box Entry",Unsuccessful,2nd Half,,76 - 90 min,,,
26. VFF-FCN (1-0),5102.116344,4.999942292,D3 Middle / Lower Pressing,29,,,After Ball Loss,"Intercept. -> Estab. (O1, O2, O3)",Successful,2nd Half,,76 - 90 min,,,
26. VFF-FCN (1-0),5242.05057,27.03567462,D3 Middle / Lower Pressing,30,,,After Ball Loss,Stay In Phase,Neutral,2nd Half,,76 - 90 min,,,
26. VFF-FCN (1-0),5276.984132,10.50066296,D3 Middle / Lower Pressing,31,,,D3 Press on Throw-In,"Intercept. -> Estab. (O1, O2, O3)",Successful,2nd Half,,76 - 90 min,,,
26. VFF-FCN (1-0),5388.217038,27.16962371,D3 Middle / Lower Pressing,32,,,D3 Goal Kick or Free Kick,Direct to O3/O4 OFF Transit,Successful,2nd Half,,76 - 90 min,,,
26. VFF-FCN (1-0),5630.522204,27.361977,D3 Middle / Lower Pressing,33,,,D3 Goal Kick or Free Kick,Stay In Phase,Neutral,2nd Half,,76 - 90 min,,,
26. VFF-FCN (1-0),5677.553516,16.16930088,D3 Middle / Lower Pressing,34,,,D3 Goal Kick or Free Kick,"Intercept. -> Estab. (O1, O2, O3)",Successful,2nd Half,,76 - 90 min,,,
26. VFF-FCN (1-0),5780.453803,25.16883721,D3 Middle / Lower Pressing,35,,,D3 Goal Kick or Free Kick,"Intercept. -> Estab. (O1, O2, O3)",Successful,2nd Half,,76 - 90 min,,,
26. VFF-FCN (1-0),5839.055632,17.80103737,D3 Middle / Lower Pressing,36,,,D3 Press on Throw-In,Stay In Phase,Neutral,2nd Half,,76 - 90 min,,,
26. VFF-FCN (1-0),5876.021961,15.19923887,D3 Middle / Lower Pressing,37,,,D3 Goal Kick or Free Kick,Stay In Phase,Neutral,2nd Half,,76 - 90 min,,,
26. VFF-FCN (1-0),501.8726251,19.797495,D4 Defending the Box,1,,Established Play,Pass Infront of Backline,"Cross, Shot, Set-Piece or Box Entry",Neutral,1st Half,,0 - 15 min,,,
26. VFF-FCN (1-0),706.0401359,19.66706321,D4 Defending the Box,2,,Transition,Cutback,"Cross, Shot, Set-Piece or Box Entry",Neutral,1st Half,,0 - 15 min,,,
26. VFF-FCN (1-0),782.2729955,37.82045867,D4 Defending the Box,3,,Established Play,Chipball,"Cross, Shot, Set-Piece or Box Entry",Neutral,1st Half,,0 - 15 min,,D4. Kontrapas. VB klar til at falde.,New Flag
26. VFF-FCN (1-0),875.4747643,19.59839175,D4 Defending the Box,4,,Established Play,Chipball,Intercepted by Defence,Successful,1st Half,,0 - 15 min,,,
26. VFF-FCN (1-0),967.0740367,20.23361312,D4 Defending the Box,5,,Established Play,Chipball,"Cross, Shot, Set-Piece or Box Entry",Neutral,1st Half,,16 - 30 min,,,
26. VFF-FCN (1-0),1355.542508,32.53508454,D4 Defending the Box,6,,Throw In,Long Throw,"Cross, Shot, Set-Piece or Box Entry",Neutral,1st Half,,16 - 30 min,,,
26. VFF-FCN (1-0),1646.370012,19.34056637,D4 Defending the Box,7,,Established Play,Through Pass,Intercepted by Defence,Successful,1st Half,,16 - 30 min,,,
26. VFF-FCN (1-0),1893.949248,22.73091679,D4 Defending the Box,8,,Established Play,Through Pass,"Cross, Shot, Set-Piece or Box Entry",Neutral,1st Half,,31 - 45 min,,,
26. VFF-FCN (1-0),1995.046459,34.20126779,D4 Defending the Box,9,,Throw In,Short Throw-In,OFF Transition,Successful,1st Half,,31 - 45 min,,,
26. VFF-FCN (1-0),2480.783643,38.10143804,D4 Defending the Box,10,,Throw In,Long Throw,"Cross, Shot, Set-Piece or Box Entry",Neutral,1st Half,,31 - 45 min,,,
26. VFF-FCN (1-0),2938.366054,32.46629283,D4 Defending the Box,11,,Throw In,Long Throw,"Cross, Shot, Set-Piece or Box Entry",Neutral,2nd Half,,46 - 60 min,,,
26. VFF-FCN (1-0),3298.904084,51.33384521,D4 Defending the Box,12,,Corner Kick,Central Area,Open Chance,Unsuccessful,2nd Half,,46 - 60 min,,,
26. VFF-FCN (1-0),3432.037143,19.03199908,D4 Defending the Box,13,,Established Play,Square Pass,Open Chance,Unsuccessful,2nd Half,,46 - 60 min,,,
26. VFF-FCN (1-0),3524.936695,19.66935083,D4 Defending the Box,14,,Transition,Pass Infront of Backline,"Cross, Shot, Set-Piece or Box Entry",Neutral,2nd Half,,46 - 60 min,,,
26. VFF-FCN (1-0),3714.607776,37.09758683,D4 Defending the Box,15,,Lateral Free Kick,Back Area,Chance,Unsuccessful,2nd Half,,61 - 75 min,,,
26. VFF-FCN (1-0),4435.825738,33.88762596,D4 Defending the Box,16,,Throw In,Long Throw,"Cross, Shot, Set-Piece or Box Entry",Neutral,2nd Half,,61 - 75 min,,,
26. VFF-FCN (1-0),4829.814735,18.63378362,D4 Defending the Box,17,,Established Play,1v1,"Cross, Shot, Set-Piece or Box Entry",Neutral,2nd Half,,76 - 90 min,,bis. vis dig her.,New Flag
26. VFF-FCN (1-0),329.3699484,19.46720558,D2 Finding Balance,1,,,Transition After CP,Establishing Pressing,Neutral,1st Half,,0 - 15 min,,,
26. VFF-FCN (1-0),493.9690871,23.06995171,D2 Finding Balance,2,,,D3 High Press on Opp. Half,D4 Chance,Unsuccessful,1st Half,,0 - 15 min,,,
26. VFF-FCN (1-0),701.470307,19.63509767,D2 Finding Balance,3,,,After Ball Loss,"Cross, Shot, Set-Piece or Box Entry",Unsuccessful,1st Half,,0 - 15 min,,,
26. VFF-FCN (1-0),1236.110912,14.59684133,D2 Finding Balance,4,,,Transition After CP,"Intercept. -> Estab. (O1, O2, O3)",Successful,1st Half,,16 - 30 min,,Jaxe. for nemt,New Flag
26. VFF-FCN (1-0),1987.381494,22.13524742,D2 Finding Balance,5,,,D3 High Press on Opp. Half,"Cross, Shot, Set-Piece or Box Entry",Unsuccessful,1st Half,,31 - 45 min,,,
26. VFF-FCN (1-0),3098.035578,15.332232,D2 Finding Balance,6,,,D3 High Press on Opp. Half,Establishing Pressing,Neutral,2nd Half,,46 - 60 min,,,
26. VFF-FCN (1-0),3514.372012,28.5864295,D2 Finding Balance,7,,,After Ball Loss,"Cross, Shot, Set-Piece or Box Entry",Unsuccessful,2nd Half,,46 - 60 min,,"*stor chance dem, efter vores mål.",New Flag
26. VFF-FCN (1-0),3777.405365,13.40042813,D2 Finding Balance,8,,,After Ball Loss,Establishing Pressing,Neutral,2nd Half,,61 - 75 min,,,
26. VFF-FCN (1-0),4057.174833,19.63501383,D2 Finding Balance,9,,,After Ball Loss,Direct to O3/O4 OFF Transit,Successful,2nd Half,,61 - 75 min,,"D4, dani forcing inside.",New Flag
26. VFF-FCN (1-0),325.0689483,13.26908262,D1 Counterpress,1,,,After O2 build-up,Establishing Pressing,Neutral,1st Half,,0 - 15 min,,"adamo, stay on him..",New Flag
26. VFF-FCN (1-0),1231.811203,13.33270558,D1 Counterpress,2,,,After O2 build-up,Establishing Pressing,Neutral,1st Half,,16 - 30 min,,,
26. VFF-FCN (1-0),1841.748885,11.96422879,D1 Counterpress,3,,,After O3/O4,Direct to O3/O4 OFF Transit,Successful,1st Half,,31 - 45 min,,,
26. VFF-FCN (1-0),2201.418178,21.93064158,D1 Counterpress,4,,,After O3/O4,"Intercept. -> Estab. (O1, O2, O3)",Successful,1st Half,,31 - 45 min,,,
26. VFF-FCN (1-0),2595.118513,13.33333638,D1 Counterpress,5,,,After O3/O4,"Intercept. -> Estab. (O1, O2, O3)",Successful,1st Half,,31 - 45 min,,,
26. VFF-FCN (1-0),2635.186557,11.96623837,D1 Counterpress,6,,,After O3/O4,Establishing Pressing,Neutral,1st Half,,31 - 45 min,,,
26. VFF-FCN (1-0),3224.401364,12.43374521,D1 Counterpress,7,,,,Direct to O3/O4 OFF Transit,Successful,2nd Half,,46 - 60 min,,,
26. VFF-FCN (1-0),3395.369692,18.95682175,D1 Counterpress,8,,,After O2 build-up,Establishing Pressing,Neutral,2nd Half,,46 - 60 min,,,
26. VFF-FCN (1-0),3609.970527,16.10106083,D1 Counterpress,9,,,After O2 build-up,Establishing Pressing,Neutral,2nd Half,,46 - 60 min,,,
26. VFF-FCN (1-0),3925.874669,12.2325405,D1 Counterpress,10,,,After O3/O4,"Intercept. -> Estab. (O1, O2, O3)",Successful,2nd Half,,61 - 75 min,,,
26. VFF-FCN (1-0),3972.540271,23.10030271,D1 Counterpress,11,,,After O2 build-up,Establishing Pressing,Neutral,2nd Half,,61 - 75 min,,,
26. VFF-FCN (1-0),4090.775565,11.73283521,D1 Counterpress,12,,,After O3/O4,"Intercept. -> Estab. (O1, O2, O3)",Successful,2nd Half,,61 - 75 min,,,
26. VFF-FCN (1-0),4151.742908,48.76637017,D1 Counterpress,13,,,After O3/O4,"Intercept. -> Estab. (O1, O2, O3)",Successful,2nd Half,,61 - 75 min,,,
26. VFF-FCN (1-0),4249.636681,31.9730055,D1 Counterpress,14,,,After O3/O4,"Intercept. -> Estab. (O1, O2, O3)",Successful,2nd Half,,61 - 75 min,,Kian for lav i att. bal.,New Flag
26. VFF-FCN (1-0),4324.110434,15.23301125,D1 Counterpress,15,,,After O2 build-up,"Intercept. -> Estab. (O1, O2, O3)",Successful,2nd Half,,61 - 75 min,,,
26. VFF-FCN (1-0),4507.211606,12.39977617,D1 Counterpress,16,,,After O2 build-up,"Intercept. -> Estab. (O1, O2, O3)",Successful,2nd Half,,61 - 75 min,,,
26. VFF-FCN (1-0),4543.111895,12.26680021,D1 Counterpress,17,,,After O3/O4,"Intercept. -> Estab. (O1, O2, O3)",Successful,2nd Half,,61 - 75 min,,,
26. VFF-FCN (1-0),4714.913879,14.10157621,D1 Counterpress,18,,,After O2 build-up,"Intercept. -> Estab. (O1, O2, O3)",Successful,2nd Half,,76 - 90 min,,,
26. VFF-FCN (1-0),4748.782255,18.33166467,D1 Counterpress,19,,,After O3/O4,Establishing Pressing,Neutral,2nd Half,,76 - 90 min,,,
26. VFF-FCN (1-0),5090.816913,13.33331392,D1 Counterpress,20,,,After O3/O4,Establishing Pressing,Neutral,2nd Half,,76 - 90 min,,,
26. VFF-FCN (1-0),5698.936945,12.71694433,D1 Counterpress,21,,,After O2 build-up,"Intercept. -> Estab. (O1, O2, O3)",Successful,2nd Half,,76 - 90 min,,,
26. VFF-FCN (1-0),2729.691441,27.09099279,off corner,1,,,,,,1st Half,,31 - 45 min,,**low hands,New Flag
26. VFF-FCN (1-0),5468.218498,17,off corner,2,,,,,,2nd Half,,76 - 90 min,,,
26. VFF-FCN (1-0),5519.248273,20.50499308,off corner,3,,,,,,2nd Half,,76 - 90 min,,,
26. VFF-FCN (1-0),1374.878456,11,def throw,1,,,,,,1st Half,,16 - 30 min,,,
26. VFF-FCN (1-0),2012.08076,18.12196304,def throw,2,,,,,,1st Half,,31 - 45 min,,*def throw. bagerste område når kort… ,New Flag
26. VFF-FCN (1-0),2500.819842,11,def throw,3,,,,,,1st Half,,31 - 45 min,,,
26. VFF-FCN (1-0),2957.498649,11,def throw,4,,,,,,2nd Half,,46 - 60 min,,"villa, clearing.",New Flag
26. VFF-FCN (1-0),4450.645131,11,def throw,5,,,,,,2nd Half,,61 - 75 min,,,
26. VFF-FCN (1-0),3330.870446,17,def corner,1,,,,,,2nd Half,,46 - 60 min,,,
26. VFF-FCN (1-0),3732.892138,21.42934736,def free kick,1,,,,,,2nd Half,,61 - 75 min,,**Def frispark. MK Burgy..,New Flag
26. VFF-FCN (1-0),3332.202701,56.30989677,Goal OPP,1,,,,,,2nd Half,,46 - 60 min,,**Corner kick goal.,New Flag
26. VFF-FCN (1-0),0.205802566,2772.244632,KO,1,,,,,,1st Half,,,,,
26. VFF-FCN (1-0),2772.451667,3131.273201,KO,2,,,,,,2nd Half,,,,,
26. VFF-FCN (1-0),378.1036379,30,Bench,1,,,,,,1st Half,,,,,
26. VFF-FCN (1-0),1249.559242,43.99575762,Bench,2,,,,,,,,,,*Accelerating from HT. 2 good options.,New Flag
26. VFF-FCN (1-0),1458.745855,30,Bench,3,,,,,,1st Half,,,,,
26. VFF-FCN (1-0),1815.14529,69.24708416,Bench,4,,,,,,,,,,**Chance for E + Dio.,New Flag
26. VFF-FCN (1-0),2234.004895,45.97702497,Bench,5,,,,,,,,,,kian vinkler godt ind for lang afstand. ernest hold tempo!,New Flag
26. VFF-FCN (1-0),2615.512485,28.17084842,Bench,6,,,,,,,,,,*O2-O4. ok i slut 1.h,New Flag
26. VFF-FCN (1-0),5402.375747,37.08400166,Bench,7,,,,,,,,,,*Osman dybt gir god mulighed.,New Flag
26. VFF-FCN (1-0),5444.742733,102.4639338,Bench,8,,,,,,,,,,**Two last corners. crossed + all in,New Flag
26. VFF-FCN (1-0),52.89867733,11,off throw,1,,,,,,,,,,,
26. VFF-FCN (1-0),4248.37,11.81958364,off throw,2,,,,,,,,,,,
26. VFF-FCN (1-0),4983.298518,11,off throw,3,,,,,,,,,,,
26. VFF-FCN (1-0),5018.399649,11,off throw,4,,,,,,,,,,,
26. VFF-FCN (1-0),450.9008101,20,Ndividual,1,,,,,,,,,,Gult til Leemans. holde villa tilbage.,New Flag
26. VFF-FCN (1-0),501.7291135,20,Ndividual,2,,,,,,,,,,Westergaard. Frispark på Bids.,New Flag
26. VFF-FCN (1-0),1083.763462,20,Ndividual,3,,,,,,,,,,"Jaxe. 1v1 def, glimrende",New Flag
26. VFF-FCN (1-0),1490.129708,20,Ndividual,4,,,,,,,,,,"jaxe, 1v1 def. glimrende brug af krop!",New Flag
26. VFF-FCN (1-0),4707.766581,20,Ndividual,5,,,,,,,,,,"Jaxe, godt tænkt. tæt på.",New Flag
26. VFF-FCN (1-0),4834.121705,20,Ndividual,6,,,,,,,,,,"jax. godt du viser dig, tydeligere kropspos.?",New Flag
